,Date,Vp,RHO,T,BP
0,1994-04-19 00:04:00+00:00,802.9,0.23589,199438.0,
1,1994-04-19 00:12:02+00:00,813.5,0.23191,197247.0,
2,1994-04-19 00:19:40+00:00,804.5,0.22993,199446.0,
3,1994-04-19 00:27:44+00:00,809.3,0.23384,196952.0,
4,1994-04-19 00:35:46+00:00,802.4,0.23835,198385.0,
5,1994-04-19 00:43:50+00:00,799.9,0.23449,198690.0,
6,1994-04-19 00:51:52+00:00,809.6,0.24823,182797.0,
7,1994-04-19 00:59:32+00:00,812.3,0.25193,172034.0,
8,1994-04-19 01:07:34+00:00,815.6,0.26252,162586.0,
9,1994-04-19 01:15:38+00:00,813.9,0.25096,152598.0,
10,1994-04-19 01:23:40+00:00,818.7,0.25005,157863.0,
11,1994-04-19 01:31:42+00:00,832.0,0.21903,155102.0,
12,1994-04-19 01:39:22+00:00,800.6,0.24071,148496.0,
13,1994-04-19 01:47:24+00:00,807.2,0.24213,155012.0,
14,1994-04-19 01:55:28+00:00,814.7,0.22492,162694.0,
15,1994-04-19 02:03:30+00:00,797.0,0.22738,164149.0,
16,1994-04-19 02:11:34+00:00,824.7,0.22289,181464.0,
17,1994-04-19 02:19:12+00:00,801.6,0.23896,196680.0,
18,1994-04-19 02:27:16+00:00,801.2,0.24911,181663.0,
19,1994-04-19 02:35:18+00:00,798.5,0.24362,177253.0,
20,1994-04-19 03:07:06+00:00,799.9,0.25513,185399.0,
21,1994-04-19 03:15:08+00:00,798.5,0.25297,172314.0,
22,1994-04-19 03:23:12+00:00,804.2,0.22551,161864.0,
23,1994-04-19 03:38:54+00:00,816.3,0.25847,153197.0,
24,1994-04-19 04:04:27+00:00,813.5,0.2497,160999.0,
25,1994-04-19 04:08:28+00:00,810.4,0.24051,157904.0,
26,1994-04-19 04:12:30+00:00,808.2,0.22822,165320.0,
27,1994-04-19 04:16:31+00:00,808.0,0.22493,156419.0,
28,1994-04-19 04:20:33+00:00,805.7,0.25302,152516.0,
29,1994-04-19 04:24:34+00:00,802.5,0.2396,153636.0,
30,1994-04-19 04:32:37+00:00,812.7,0.24786,146948.0,
31,1994-04-19 04:36:39+00:00,822.4,0.255,155330.0,
32,1994-04-19 04:40:40+00:00,811.0,0.24499,143425.0,
33,1994-04-19 04:44:42+00:00,802.5,0.22419,156702.0,
34,1994-04-19 04:48:43+00:00,798.0,0.17098,164810.0,
35,1994-04-19 04:52:45+00:00,798.2,0.21501,161871.0,
36,1994-04-19 04:56:46+00:00,795.5,0.22122,153642.0,
37,1994-04-19 05:00:47+00:00,798.1,0.22629,141456.0,
38,1994-04-19 05:12:52+00:00,800.3,0.23631,151203.0,
39,1994-04-19 05:16:53+00:00,790.7,0.22271,158958.0,
40,1994-04-19 05:20:55+00:00,792.8,0.24387,144332.0,
41,1994-04-19 05:24:56+00:00,791.9,0.24732,147564.0,
42,1994-04-19 05:28:58+00:00,793.0,0.24678,145205.0,
43,1994-04-19 05:32:59+00:00,792.7,0.22844,141561.0,
44,1994-04-19 05:37:01+00:00,798.3,0.23698,144877.0,
45,1994-04-19 05:45:04+00:00,790.7,0.23364,145276.0,
46,1994-04-19 05:49:05+00:00,798.6,0.23805,143195.0,
47,1994-04-19 05:53:06+00:00,788.7,0.22087,141855.0,
48,1994-04-19 05:57:08+00:00,788.6,0.22064,141133.0,
49,1994-04-19 06:01:09+00:00,787.6,0.22453,140034.0,
50,1994-04-19 06:05:11+00:00,787.9,0.22455,152937.0,
51,1994-04-19 06:09:12+00:00,790.7,0.22252,145443.0,
52,1994-04-19 06:13:14+00:00,795.6,0.21309,181031.0,
53,1994-04-19 06:17:15+00:00,786.0,0.22517,156677.0,
54,1994-04-19 06:21:17+00:00,781.9,0.21199,163971.0,
55,1994-04-19 06:25:18+00:00,801.3,0.202,183131.0,
56,1994-04-19 06:29:20+00:00,775.7,0.19704,180925.0,
57,1994-04-19 06:33:21+00:00,779.8,0.19236,177550.0,
58,1994-04-19 06:37:23+00:00,777.4,0.20059,182945.0,
59,1994-04-19 06:41:24+00:00,784.9,0.19777,201699.0,
60,1994-04-19 06:45:25+00:00,782.6,0.19566,186410.0,
61,1994-04-19 06:49:27+00:00,788.5,0.21199,190957.0,
62,1994-04-19 06:53:28+00:00,788.3,0.1799,197563.0,
63,1994-04-19 06:57:30+00:00,797.9,0.1839,198139.0,
64,1994-04-19 07:01:31+00:00,806.1,0.18066,206020.0,
65,1994-04-19 07:05:33+00:00,794.1,0.18301,199891.0,
66,1994-04-19 07:09:34+00:00,792.8,0.19076,195696.0,
67,1994-04-19 07:13:36+00:00,790.0,0.18682,195520.0,
68,1994-04-19 07:17:37+00:00,786.3,0.1885,197546.0,
69,1994-04-19 07:21:39+00:00,783.6,0.20036,184460.0,
70,1994-04-19 07:25:40+00:00,797.1,0.15394,202251.0,
71,1994-04-19 07:29:42+00:00,792.0,0.16058,194226.0,
72,1994-04-19 07:33:43+00:00,800.1,0.17447,194074.0,
73,1994-04-19 07:37:44+00:00,804.4,0.15933,205631.0,
74,1994-04-19 07:41:46+00:00,794.5,0.1661,195615.0,
75,1994-04-19 07:45:47+00:00,796.0,0.16464,207417.0,
76,1994-04-19 07:49:49+00:00,780.1,0.23584,159520.0,
77,1994-04-19 07:53:50+00:00,787.1,0.22543,140589.0,
78,1994-04-19 07:57:52+00:00,785.0,0.22786,136622.0,
79,1994-04-19 08:01:54+00:00,787.2,0.22394,136934.0,
80,1994-04-19 08:05:56+00:00,784.3,0.21499,140556.0,
81,1994-04-19 08:09:57+00:00,783.3,0.21145,152590.0,
82,1994-04-19 08:13:59+00:00,792.6,0.19743,163453.0,
83,1994-04-19 08:18:00+00:00,780.1,0.22122,139967.0,
84,1994-04-19 08:22:02+00:00,787.2,0.2078,143009.0,
85,1994-04-19 08:26:03+00:00,786.6,0.23069,156555.0,
86,1994-04-19 08:30:04+00:00,791.0,0.2304,158809.0,
87,1994-04-19 08:34:06+00:00,790.9,0.22298,153433.0,
88,1994-04-19 08:38:07+00:00,786.5,0.20903,161589.0,
89,1994-04-19 08:42:09+00:00,787.4,0.18599,170397.0,
90,1994-04-19 08:46:10+00:00,794.3,0.18127,163446.0,
91,1994-04-19 08:50:12+00:00,800.8,0.1946,167298.0,
92,1994-04-19 08:54:13+00:00,792.4,0.20713,169377.0,
93,1994-04-19 08:58:15+00:00,795.9,0.20672,170337.0,
94,1994-04-19 09:02:16+00:00,786.9,0.18526,160202.0,
95,1994-04-19 09:06:18+00:00,788.7,0.20157,166023.0,
96,1994-04-19 09:10:19+00:00,794.0,0.19551,169862.0,
97,1994-04-19 09:14:21+00:00,791.7,0.21336,171558.0,
98,1994-04-19 09:18:22+00:00,797.3,0.2059,159596.0,
99,1994-04-19 09:22:23+00:00,798.3,0.19935,164402.0,
100,1994-04-19 09:26:25+00:00,799.1,0.22913,158188.0,
101,1994-04-19 09:30:26+00:00,787.7,0.20899,150057.0,
102,1994-04-19 09:34:28+00:00,787.4,0.21622,146441.0,
103,1994-04-19 09:38:29+00:00,788.1,0.21512,152553.0,
104,1994-04-19 09:42:31+00:00,788.4,0.21824,158449.0,
105,1994-04-19 09:46:32+00:00,787.9,0.21353,156608.0,
106,1994-04-19 09:50:34+00:00,782.8,0.2272,146632.0,
107,1994-04-19 09:54:35+00:00,786.6,0.21446,156923.0,
108,1994-04-19 09:58:37+00:00,786.5,0.21449,153389.0,
109,1994-04-19 10:02:38+00:00,797.5,0.21373,157669.0,
110,1994-04-19 10:06:40+00:00,788.8,0.22768,164186.0,
111,1994-04-19 10:10:41+00:00,778.2,0.04711,224541.0,
112,1994-04-19 10:14:42+00:00,783.0,0.19904,146125.0,
113,1994-04-19 10:18:44+00:00,785.4,0.19753,143890.0,
114,1994-04-19 10:22:45+00:00,782.1,0.20517,145863.0,
115,1994-04-19 10:26:47+00:00,786.6,0.22085,144791.0,
116,1994-04-19 10:30:48+00:00,783.6,0.2019,145255.0,
117,1994-04-19 10:34:50+00:00,783.6,0.20357,143874.0,
118,1994-04-19 10:38:51+00:00,791.7,0.19401,143349.0,
119,1994-04-19 10:42:53+00:00,780.9,0.1963,141065.0,
120,1994-04-19 10:46:54+00:00,781.2,0.18541,140275.0,
121,1994-04-19 10:50:56+00:00,776.2,0.18761,145138.0,
122,1994-04-19 10:54:57+00:00,779.6,0.18916,142761.0,
123,1994-04-19 10:58:59+00:00,777.5,0.18175,143250.0,
124,1994-04-19 11:03:00+00:00,779.3,0.18084,149518.0,
125,1994-04-19 11:07:01+00:00,777.6,0.18635,154044.0,
126,1994-04-19 11:11:03+00:00,780.3,0.18652,151889.0,
127,1994-04-19 11:15:04+00:00,785.4,0.17886,153256.0,
128,1994-04-19 11:19:06+00:00,783.7,0.14898,159267.0,
129,1994-04-19 11:23:07+00:00,778.9,0.18907,150354.0,
130,1994-04-19 11:27:09+00:00,778.6,0.18218,155068.0,
131,1994-04-19 11:31:10+00:00,778.1,0.18868,147076.0,
132,1994-04-19 11:35:12+00:00,778.6,0.18992,156119.0,
133,1994-04-19 11:39:13+00:00,783.1,0.18638,163542.0,
134,1994-04-19 11:43:15+00:00,783.2,0.17298,179492.0,
135,1994-04-19 11:47:16+00:00,781.5,0.17559,168235.0,
136,1994-04-19 11:51:18+00:00,788.3,0.18277,168105.0,
137,1994-04-19 11:55:19+00:00,774.1,0.17366,154985.0,
138,1994-04-19 11:59:21+00:00,778.4,0.1824,172227.0,
139,1994-04-19 12:03:22+00:00,777.3,0.17325,176911.0,
140,1994-04-19 12:07:23+00:00,774.0,0.18885,154829.0,
141,1994-04-19 12:11:25+00:00,773.6,0.1857,176359.0,
142,1994-04-19 12:15:26+00:00,777.1,0.19533,161278.0,
143,1994-04-19 12:19:28+00:00,774.9,0.19101,168252.0,
144,1994-04-19 12:23:29+00:00,772.9,0.20937,148773.0,
145,1994-04-19 12:27:31+00:00,783.2,0.1989,167427.0,
146,1994-04-19 12:31:32+00:00,772.2,0.19787,177940.0,
147,1994-04-19 12:44:25+00:00,772.0,0.2226,147220.0,
148,1994-04-19 12:52:27+00:00,770.5,0.21019,170354.0,
149,1994-04-19 13:00:31+00:00,771.8,0.21138,153114.0,
150,1994-04-19 13:08:33+00:00,775.5,0.18508,184464.0,
151,1994-04-19 13:16:37+00:00,792.1,0.19514,197720.0,
152,1994-04-19 13:24:15+00:00,784.4,0.18682,189615.0,
153,1994-04-19 13:32:17+00:00,778.9,0.17307,177159.0,
154,1994-04-19 13:40:21+00:00,780.6,0.2237,151082.0,
155,1994-04-19 13:48:23+00:00,780.9,0.2091,146047.0,
156,1994-04-19 13:56:27+00:00,790.5,0.20855,152907.0,
157,1994-04-19 14:04:05+00:00,779.3,0.21118,142076.0,
158,1994-04-19 14:12:09+00:00,782.2,0.20502,157077.0,
159,1994-04-19 14:20:11+00:00,781.1,0.18963,144068.0,
160,1994-04-19 14:28:15+00:00,783.5,0.20861,137364.0,
161,1994-04-19 14:36:17+00:00,792.3,0.18533,133603.0,
162,1994-04-19 14:43:55+00:00,781.9,0.21052,134277.0,
163,1994-04-19 14:51:59+00:00,779.9,0.22156,158331.0,
164,1994-04-19 15:00:01+00:00,782.7,0.20738,156346.0,
165,1994-04-19 15:08:05+00:00,784.9,0.19835,150625.0,
166,1994-04-19 15:16:07+00:00,795.1,0.19249,193373.0,
167,1994-04-19 15:23:47+00:00,784.1,0.21501,184849.0,
168,1994-04-19 15:31:49+00:00,767.3,0.22748,164186.0,
169,1994-04-19 15:39:53+00:00,789.9,0.15818,186830.0,
170,1994-04-19 15:47:55+00:00,790.1,0.16147,182116.0,
171,1994-04-19 15:55:59+00:00,799.5,0.19635,202930.0,
172,1994-04-19 16:03:37+00:00,792.8,0.20299,189016.0,
173,1994-04-19 16:11:39+00:00,788.7,0.19467,184752.0,
174,1994-04-19 16:19:43+00:00,788.0,0.20751,190006.0,
175,1994-04-19 16:27:45+00:00,787.7,0.24109,186552.0,
176,1994-04-19 16:35:49+00:00,790.6,0.19781,191154.0,
177,1994-04-19 16:43:27+00:00,790.1,0.20612,186182.0,
178,1994-04-19 16:51:31+00:00,787.4,0.19028,180814.0,
179,1994-04-19 16:59:33+00:00,782.5,0.18227,181716.0,
180,1994-04-19 17:07:37+00:00,785.1,0.20787,186591.0,
181,1994-04-19 17:15:39+00:00,789.6,0.18802,178964.0,
182,1994-04-19 17:23:17+00:00,782.6,0.22207,183302.0,
183,1994-04-19 17:31:21+00:00,783.0,0.25162,184617.0,
184,1994-04-19 17:39:23+00:00,784.3,0.19561,177412.0,
185,1994-04-19 17:47:27+00:00,791.9,0.20902,171454.0,
186,1994-04-19 17:55:29+00:00,787.2,0.21623,179364.0,
187,1994-04-19 18:03:09+00:00,781.8,0.2439,182701.0,
188,1994-04-19 18:11:11+00:00,784.1,0.2297,165146.0,
189,1994-04-19 18:19:15+00:00,784.5,0.22628,160333.0,
190,1994-04-19 18:27:17+00:00,781.8,0.25121,155453.0,
191,1994-04-19 18:35:19+00:00,791.9,0.2173,160196.0,
192,1994-04-19 18:42:59+00:00,780.0,0.20954,148921.0,
193,1994-04-19 18:51:01+00:00,782.6,0.21113,145702.0,
194,1994-04-19 18:59:05+00:00,774.0,0.21926,172197.0,
195,1994-04-19 19:07:07+00:00,776.5,0.21551,175557.0,
196,1994-04-19 19:15:11+00:00,781.1,0.22828,145714.0,
197,1994-04-19 19:22:49+00:00,771.2,0.22858,139982.0,
198,1994-04-19 19:30:53+00:00,765.9,0.21982,145595.0,
199,1994-04-19 19:38:55+00:00,770.1,0.21244,126177.0,
200,1994-04-19 19:46:59+00:00,772.4,0.23321,127110.0,
201,1994-04-19 19:55:01+00:00,780.1,0.20296,128842.0,
202,1994-04-19 20:02:39+00:00,770.4,0.21083,127396.0,
203,1994-04-19 20:10:43+00:00,777.5,0.2071,126344.0,
204,1994-04-19 20:18:45+00:00,772.2,0.19911,130273.0,
205,1994-04-19 20:26:49+00:00,774.8,0.20003,149172.0,
206,1994-04-19 20:34:51+00:00,787.5,0.18596,144707.0,
207,1994-04-19 20:42:31+00:00,774.9,0.22324,150261.0,
208,1994-04-19 20:50:33+00:00,767.9,0.20141,135471.0,
209,1994-04-19 20:58:37+00:00,763.8,0.20972,152377.0,
210,1994-04-19 21:06:39+00:00,769.2,0.20487,140929.0,
211,1994-04-19 21:14:41+00:00,777.1,0.19012,141360.0,
212,1994-04-19 21:22:21+00:00,769.3,0.1975,142258.0,
213,1994-04-19 21:30:23+00:00,776.7,0.2096,130100.0,
214,1994-04-19 21:38:27+00:00,768.3,0.21458,123739.0,
215,1994-04-19 21:46:29+00:00,773.8,0.19974,129867.0,
216,1994-04-19 21:54:33+00:00,786.0,0.17598,146894.0,
217,1994-04-19 22:02:11+00:00,767.8,0.20337,133197.0,
218,1994-04-19 22:10:15+00:00,773.6,0.18473,138900.0,
219,1994-04-19 22:18:17+00:00,771.3,0.21032,137269.0,
220,1994-04-19 22:26:19+00:00,770.9,0.22111,136728.0,
221,1994-04-19 22:34:23+00:00,774.7,0.19731,153250.0,
222,1994-04-19 22:42:01+00:00,775.0,0.19013,137781.0,
223,1994-04-19 22:50:05+00:00,777.4,0.18993,142803.0,
224,1994-04-19 22:58:07+00:00,780.4,0.22818,136650.0,
225,1994-04-19 23:06:11+00:00,780.6,0.2213,138373.0,
226,1994-04-19 23:14:13+00:00,790.8,0.22728,144569.0,
227,1994-04-19 23:21:53+00:00,768.6,0.2614,123250.0,
228,1994-04-19 23:29:55+00:00,775.4,0.28449,116754.0,
229,1994-04-19 23:37:59+00:00,772.0,0.27128,123504.0,
230,1994-04-19 23:46:01+00:00,776.2,0.27416,112689.0,
231,1994-04-19 23:54:03+00:00,783.0,0.24462,124052.0,
232,1994-04-20 00:01:43+00:00,765.8,0.24099,128267.0,0.8736902206518324
233,1994-04-20 00:09:45+00:00,774.9,0.2791,114308.0,0.9137390475387275
234,1994-04-20 00:17:49+00:00,769.1,0.27042,116745.0,0.9100481202962133
235,1994-04-20 00:25:51+00:00,774.4,0.27539,117901.0,0.8775292625936442
236,1994-04-20 00:33:55+00:00,785.2,0.26923,117404.0,0.8740751110850412
237,1994-04-20 00:41:33+00:00,771.3,0.26973,124040.0,0.8594754101269854
238,1994-04-20 00:49:37+00:00,772.0,0.26657,125424.0,0.8444390658382025
239,1994-04-20 00:57:39+00:00,767.7,0.23892,129816.0,0.8190396662289527
240,1994-04-20 01:05:41+00:00,766.2,0.22416,138979.0,0.7599842518494513
241,1994-04-20 01:13:45+00:00,773.1,0.21309,138641.0,0.7784962907878029
242,1994-04-20 01:21:24+00:00,757.4,0.22932,137607.0,0.741249838259279
243,1994-04-20 01:29:28+00:00,748.9,0.2137,134490.0,0.47241810807325985
244,1994-04-20 01:37:30+00:00,750.9,0.26533,133006.0,0.5108189424757044
245,1994-04-20 01:53:36+00:00,773.2,0.2424,139656.0,0.8171321445611027
246,1994-04-20 02:11:07+00:00,769.6,0.20102,156513.0,0.6985702955687813
247,1994-04-20 02:15:09+00:00,776.9,0.25869,152624.0,0.8278230589536176
248,1994-04-20 02:19:10+00:00,773.0,0.20632,153831.0,0.9280057984770772
249,1994-04-20 02:27:13+00:00,761.6,0.23941,143533.0,0.8049650310072035
250,1994-04-20 02:31:14+00:00,769.4,0.25827,137117.0,0.883771148889155
251,1994-04-20 02:35:16+00:00,764.3,0.26337,140304.0,0.7684411545611948
252,1994-04-20 02:39:17+00:00,764.6,0.21291,139251.0,0.5165613945664799
253,1994-04-20 02:43:19+00:00,771.9,0.20699,150781.0,0.532390671233699
254,1994-04-20 02:47:20+00:00,764.8,0.22197,138265.0,0.5793230656901299
255,1994-04-20 02:51:22+00:00,768.0,0.23576,137472.0,0.6181970619697268
256,1994-04-20 02:55:23+00:00,766.3,0.22856,134009.0,0.6730232745432206
257,1994-04-20 02:59:25+00:00,768.5,0.22463,128343.0,0.7734247930236323
258,1994-04-20 03:03:26+00:00,764.6,0.21599,133606.0,0.7528073662510915
259,1994-04-20 03:07:28+00:00,770.3,0.23758,150546.0,0.7299786912443395
260,1994-04-20 03:11:29+00:00,767.8,0.22578,146864.0,0.7719918171247668
261,1994-04-20 03:15:31+00:00,770.0,0.25066,152321.0,0.836114556645329
262,1994-04-20 03:19:32+00:00,784.7,0.23407,150767.0,0.8998542076801546
263,1994-04-20 03:23:34+00:00,768.4,0.23575,150001.0,0.8946418498937018
264,1994-04-20 03:27:35+00:00,772.5,0.24144,153209.0,0.8721912496650901
265,1994-04-20 03:31:36+00:00,769.1,0.22014,151938.0,0.7724163815927201
266,1994-04-20 03:35:38+00:00,785.7,0.28253,161691.0,0.5302794995571916
267,1994-04-20 03:39:39+00:00,783.8,0.27678,176427.0,0.4806928667351041
268,1994-04-20 03:43:41+00:00,787.2,0.29073,171054.0,0.6411131223973277
269,1994-04-20 03:47:42+00:00,783.3,0.27316,171871.0,0.4561843999558478
270,1994-04-20 03:51:44+00:00,784.9,0.28866,175265.0,0.3930258130996359
271,1994-04-20 03:55:45+00:00,791.3,0.23779,183600.0,0.42856505487662944
272,1994-04-20 03:59:47+00:00,780.8,0.23489,177872.0,0.4297450591088216
273,1994-04-20 04:03:48+00:00,791.8,0.21675,193428.0,0.8085364867506598
274,1994-04-20 04:07:50+00:00,781.8,0.25177,171315.0,0.8151744795592502
275,1994-04-20 04:11:51+00:00,788.4,0.23207,177796.0,0.8189893589735789
276,1994-04-20 04:15:53+00:00,773.9,0.19843,176937.0,0.8392726867345288
277,1994-04-20 04:19:54+00:00,769.7,0.23046,151300.0,0.8761159715310004
278,1994-04-20 04:23:55+00:00,777.5,0.24392,154134.0,0.8759572552142152
279,1994-04-20 04:27:57+00:00,785.7,0.25591,157241.0,0.800038910529122
280,1994-04-20 04:31:58+00:00,787.1,0.24412,159105.0,0.8834429518219881
281,1994-04-20 04:36:00+00:00,779.0,0.23251,158268.0,0.8849272602372427
282,1994-04-20 04:40:01+00:00,774.2,0.23706,150446.0,0.8761820228584162
283,1994-04-20 04:44:03+00:00,773.8,0.2376,138148.0,0.9090489284608271
284,1994-04-20 04:48:04+00:00,771.2,0.23213,149117.0,0.8944633716836196
285,1994-04-20 04:52:06+00:00,772.2,0.23361,135359.0,0.9400344700708273
286,1994-04-20 04:56:07+00:00,772.6,0.23647,136568.0,0.933165361466912
287,1994-04-20 05:00:09+00:00,770.6,0.2478,142391.0,0.8902505402784803
288,1994-04-20 05:04:10+00:00,762.8,0.23632,144195.0,0.8885802085303022
289,1994-04-20 05:08:12+00:00,770.1,0.21262,126305.0,0.9448276064330156
290,1994-04-20 05:12:13+00:00,762.3,0.20182,124736.0,0.930930953686358
291,1994-04-20 05:16:14+00:00,764.2,0.22885,127743.0,0.9177989361812939
292,1994-04-20 05:20:16+00:00,767.0,0.21949,137291.0,0.9054153526929896
293,1994-04-20 05:24:17+00:00,764.7,0.21903,128256.0,0.8939156872290105
294,1994-04-20 05:28:19+00:00,763.2,0.22996,131118.0,0.9069193248503968
295,1994-04-20 05:32:20+00:00,764.3,0.22326,140773.0,0.8482757052414893
296,1994-04-20 05:36:22+00:00,765.3,0.22681,156491.0,0.7908467330476168
297,1994-04-20 05:40:23+00:00,759.8,0.21575,157804.0,0.7354463071078562
298,1994-04-20 05:44:25+00:00,763.2,0.20586,175436.0,0.6820543221025965
299,1994-04-20 05:48:26+00:00,757.4,0.21039,165698.0,0.6316759603752345
300,1994-04-20 05:52:28+00:00,757.8,0.19529,169140.0,0.5846206386771949
301,1994-04-20 05:56:29+00:00,757.1,0.19849,168835.0,0.5952875717804396
302,1994-04-20 06:00:31+00:00,756.7,0.20353,166474.0,0.5915042876000247
303,1994-04-20 06:04:32+00:00,759.2,0.21094,149057.0,0.7076247661148695
304,1994-04-20 06:08:33+00:00,757.8,0.22104,166752.0,0.6369789832043224
305,1994-04-20 06:12:35+00:00,755.7,0.26652,171421.0,0.43372023696693995
306,1994-04-20 06:16:36+00:00,763.0,0.27373,161539.0,0.6457136823956404
307,1994-04-20 06:20:38+00:00,768.8,0.27466,181426.0,0.716361353912153
308,1994-04-20 06:24:39+00:00,759.1,0.27371,166799.0,0.7348645496908146
309,1994-04-20 06:28:41+00:00,760.5,0.26992,164227.0,0.792874585959072
310,1994-04-20 06:32:42+00:00,758.4,0.26072,167492.0,0.8021569496922074
311,1994-04-20 06:36:44+00:00,760.3,0.27532,165650.0,0.8229210788714337
312,1994-04-20 06:40:45+00:00,757.3,0.25668,168653.0,0.8089434952417585
313,1994-04-20 06:44:47+00:00,762.5,0.26421,167768.0,0.8315506118138375
314,1994-04-20 06:48:48+00:00,755.6,0.26375,168457.0,0.7656613433331433
315,1994-04-20 06:52:50+00:00,764.4,0.26894,162546.0,0.8311759340736473
316,1994-04-20 06:56:51+00:00,760.5,0.24991,175006.0,0.5608309148973654
317,1994-04-20 07:00:52+00:00,751.5,0.26325,169381.0,0.5818677116984496
318,1994-04-20 07:04:54+00:00,751.4,0.25271,164740.0,0.5956579178540279
319,1994-04-20 07:08:55+00:00,748.5,0.29769,150726.0,0.4720805541153354
320,1994-04-20 07:12:57+00:00,749.3,0.30293,158554.0,0.29967836392646957
321,1994-04-20 07:16:58+00:00,750.5,0.27047,156534.0,0.5190045226478994
322,1994-04-20 07:21:00+00:00,752.4,0.25305,157664.0,0.6117526083568313
323,1994-04-20 07:25:01+00:00,750.7,0.25132,155848.0,0.5255571610749403
324,1994-04-20 07:29:03+00:00,754.7,0.2555,160203.0,0.598735284799572
325,1994-04-20 07:33:04+00:00,759.3,0.25373,164666.0,0.5795347886671326
326,1994-04-20 07:37:06+00:00,755.8,0.24348,168713.0,0.679112868970127
327,1994-04-20 07:41:07+00:00,752.2,0.29458,146943.0,0.6343016705299781
328,1994-04-20 07:45:09+00:00,749.1,0.28111,151459.0,0.5759603412542921
329,1994-04-20 07:49:10+00:00,748.8,0.27549,154552.0,0.39017275840534316
330,1994-04-20 07:53:11+00:00,743.3,0.28548,157536.0,0.2647176435995909
331,1994-04-20 07:57:13+00:00,748.5,0.28841,152671.0,0.4069892861262823
332,1994-04-20 08:01:14+00:00,750.0,0.26755,154671.0,0.5058009016137472
333,1994-04-20 08:05:16+00:00,748.7,0.26503,173714.0,0.6656325577017133
334,1994-04-20 08:09:17+00:00,759.9,0.28179,165757.0,0.6602668371761677
335,1994-04-20 08:13:19+00:00,749.2,0.28734,152842.0,0.6838358302599831
336,1994-04-20 08:17:20+00:00,748.1,0.28471,147918.0,0.6567786989863142
337,1994-04-20 08:21:22+00:00,752.3,0.26848,164394.0,0.741410832006981
338,1994-04-20 08:25:23+00:00,752.4,0.26933,173227.0,0.4647824964244562
339,1994-04-20 08:29:25+00:00,749.2,0.27063,154368.0,0.6319954975431503
340,1994-04-20 08:33:26+00:00,753.4,0.31187,143554.0,0.6917395394015529
341,1994-04-20 08:37:28+00:00,757.1,0.31741,144698.0,0.8592217088031128
342,1994-04-20 08:41:29+00:00,751.9,0.273,172839.0,0.4761257089685066
343,1994-04-20 08:45:30+00:00,760.1,0.26235,178373.0,0.5826706023695292
344,1994-04-20 08:49:32+00:00,753.3,0.28659,179970.0,0.5314045315234017
345,1994-04-20 08:53:33+00:00,756.6,0.28209,195239.0,0.5895370516041605
346,1994-04-20 08:57:35+00:00,763.4,0.32819,214035.0,0.5499624525387106
347,1994-04-20 09:01:36+00:00,798.0,0.54521,228282.0,1.4706909861572757
348,1994-04-20 09:05:38+00:00,788.5,0.62318,250316.0,1.2041281341157655
349,1994-04-20 09:09:39+00:00,783.3,0.55103,277110.0,0.8522966940026256
350,1994-04-20 09:13:41+00:00,781.6,0.54545,280205.0,0.7111963838930561
351,1994-04-20 09:17:42+00:00,781.2,0.51851,262290.0,0.6149128386575525
352,1994-04-20 09:21:44+00:00,785.6,0.51399,265783.0,0.5051090241631324
353,1994-04-20 09:25:45+00:00,772.5,0.49386,254796.0,0.4995504164488028
354,1994-04-20 09:29:47+00:00,779.0,0.56845,259377.0,0.310604008623141
355,1994-04-20 09:33:48+00:00,771.1,0.53893,249258.0,0.48729056939972565
356,1994-04-20 09:37:49+00:00,765.8,0.50673,237423.0,0.5104721159147232
357,1994-04-20 09:41:51+00:00,763.5,0.52975,215689.0,0.7984527678904038
358,1994-04-20 09:45:52+00:00,765.0,0.50144,231742.0,0.4426124743957503
359,1994-04-20 09:49:54+00:00,766.1,0.48409,241289.0,0.4070161161111196
360,1994-04-20 09:53:55+00:00,791.6,0.57124,238227.0,1.2625609294377982
361,1994-04-20 09:57:57+00:00,792.3,0.54036,204857.0,1.4332973488782736
362,1994-04-20 10:01:58+00:00,765.9,0.51526,196929.0,1.1658470954384068
363,1994-04-20 10:20:28+00:00,759.8,0.46277,221470.0,0.5423525461165806
364,1994-04-20 10:28:32+00:00,757.3,0.47969,207811.0,0.6586695724944607
365,1994-04-20 10:36:34+00:00,756.4,0.48201,192886.0,0.8639014737271031
366,1994-04-20 10:44:38+00:00,754.3,0.46041,189249.0,0.848291920260553
367,1994-04-20 10:52:40+00:00,766.3,0.47535,190708.0,0.9815175429257993
368,1994-04-20 11:00:18+00:00,755.0,0.48313,192560.0,0.9722460497003681
369,1994-04-20 11:08:22+00:00,756.2,0.41884,211159.0,1.2615664821183286
370,1994-04-20 11:16:24+00:00,765.5,0.39898,194656.0,1.3278553245486522
371,1994-04-20 11:24:28+00:00,762.7,0.36626,191216.0,1.3106044174757159
372,1994-04-20 11:32:30+00:00,772.2,0.34275,203108.0,1.2857951281473654
373,1994-04-20 11:40:10+00:00,760.7,0.36411,198055.0,1.212167649936439
374,1994-04-20 11:48:12+00:00,746.8,0.36737,188055.0,0.532874655557893
375,1994-04-20 11:56:16+00:00,745.0,0.3917,187823.0,0.4401026205758452
376,1994-04-20 12:04:18+00:00,745.9,0.38326,193707.0,0.38494052596750944
377,1994-04-20 12:12:22+00:00,766.8,0.34903,204496.0,1.0627684414810337
378,1994-04-20 12:20:00+00:00,751.4,0.33187,192980.0,0.8613710164535193
379,1994-04-20 12:28:02+00:00,746.8,0.34965,196207.0,0.48484393702814405
380,1994-04-20 12:36:06+00:00,743.8,0.36896,186916.0,0.6732751138977912
381,1994-04-20 12:44:08+00:00,745.3,0.34625,194450.0,0.37077962751499915
382,1994-04-20 12:52:12+00:00,749.2,0.39322,188483.0,0.6280343765420136
383,1994-04-20 12:59:50+00:00,753.2,0.37223,203472.0,1.0060595048150196
384,1994-04-20 13:07:54+00:00,756.7,0.40416,194066.0,1.0522180817458906
385,1994-04-20 13:15:56+00:00,757.1,0.3473,182049.0,1.1785939197734459
386,1994-04-20 13:24:00+00:00,753.4,0.42697,193378.0,1.0666801482795123
387,1994-04-20 13:32:02+00:00,758.1,0.39677,199049.0,1.11907492618439
388,1994-04-20 13:39:40+00:00,745.3,0.3908,185759.0,0.8755712372709262
389,1994-04-20 13:47:44+00:00,739.8,0.35296,201851.0,0.21244908252531458
390,1994-04-20 13:55:46+00:00,738.3,0.36974,198081.0,0.02015815294278208
391,1994-04-20 14:03:50+00:00,738.4,0.37645,194402.0,0.516419830254122
392,1994-04-20 14:11:52+00:00,751.2,0.40302,203408.0,0.6392631820702802
393,1994-04-20 14:19:32+00:00,751.9,0.38101,205006.0,1.1698060830503725
394,1994-04-20 14:27:34+00:00,739.9,0.36688,205002.0,0.4256956764756322
395,1994-04-20 14:35:38+00:00,737.2,0.36254,195715.0,0.4354294282734123
396,1994-04-20 14:43:40+00:00,735.9,0.37439,193185.0,0.4721619909221183
397,1994-04-20 14:51:44+00:00,745.9,0.39779,186076.0,0.613050113233774
398,1994-04-20 14:59:22+00:00,737.8,0.3595,185978.0,0.5745915267667625
399,1994-04-20 15:07:24+00:00,737.8,0.40987,190282.0,0.7211544118653074
400,1994-04-20 15:15:28+00:00,763.6,0.30433,207699.0,1.3750739634261564
401,1994-04-20 15:23:30+00:00,762.2,0.32522,196727.0,1.3579326466541979
402,1994-04-20 15:31:34+00:00,770.5,0.31883,219215.0,1.3588060095195005
403,1994-04-20 15:39:12+00:00,767.9,0.36466,212610.0,1.2661607848020275
404,1994-04-20 15:47:16+00:00,767.9,0.34531,222563.0,1.237378079961373
405,1994-04-20 15:55:18+00:00,781.9,0.396,237291.0,0.885861298893816
406,1994-04-20 16:03:22+00:00,776.5,0.32172,194126.0,1.383985987208295
407,1994-04-20 16:11:24+00:00,789.2,0.30335,192670.0,1.4290470589845574
408,1994-04-20 16:19:02+00:00,781.6,0.3273,191166.0,1.3483061539131103
409,1994-04-20 16:27:06+00:00,783.4,0.33552,191326.0,1.375670307152057
410,1994-04-20 16:35:08+00:00,777.7,0.30592,182797.0,1.3692235405537232
411,1994-04-20 16:43:12+00:00,781.1,0.34235,196838.0,1.2479550295327317
412,1994-04-20 16:51:14+00:00,795.6,0.30237,191355.0,1.2173374639068941
413,1994-04-20 16:58:54+00:00,785.9,0.28971,187933.0,1.1913079992940434
414,1994-04-20 17:06:56+00:00,791.4,0.32108,207369.0,1.1685584534796187
415,1994-04-20 17:15:00+00:00,783.4,0.31172,186684.0,1.2380185376846398
416,1994-04-20 17:23:02+00:00,781.9,0.34883,200712.0,1.025041557228272
417,1994-04-20 17:31:06+00:00,801.9,0.31846,182810.0,1.0872385989514015
418,1994-04-20 17:38:44+00:00,790.1,0.2751,188849.0,1.1566886257698596
419,1994-04-20 17:46:46+00:00,786.0,0.2898,183879.0,1.157714311355325
420,1994-04-20 17:54:50+00:00,785.9,0.28012,197205.0,1.1987938591773066
421,1994-04-20 18:02:52+00:00,791.8,0.24571,187884.0,1.2326263582864583
422,1994-04-20 18:10:56+00:00,799.9,0.25076,185484.0,1.1576445746004709
423,1994-04-20 18:18:34+00:00,792.9,0.24811,184034.0,1.1342096259841081
424,1994-04-20 18:26:38+00:00,799.1,0.25974,159130.0,1.1188836157512787
425,1994-04-20 18:34:40+00:00,795.9,0.2559,174043.0,1.2100166109148387
426,1994-04-20 18:42:44+00:00,795.1,0.26599,187979.0,1.1893917456460872
427,1994-04-20 18:50:47+00:00,803.6,0.28391,176234.0,1.0864058858564898
428,1994-04-20 18:58:25+00:00,795.1,0.28541,170398.0,1.1052988842983065
429,1994-04-20 19:06:29+00:00,798.1,0.28856,167928.0,1.030786371218844
430,1994-04-20 19:14:31+00:00,801.2,0.34174,178588.0,0.8810831747382769
431,1994-04-20 19:22:35+00:00,794.4,0.36495,191911.0,0.9538345233763681
432,1994-04-20 19:30:37+00:00,800.1,0.37775,180002.0,0.7976243593808016
433,1994-04-20 19:38:17+00:00,794.4,0.36636,191818.0,0.8790448262218711
434,1994-04-20 19:46:19+00:00,794.6,0.36274,189292.0,0.8503030969596008
435,1994-04-20 19:54:23+00:00,787.5,0.37873,186897.0,0.6220729946638776
436,1994-04-20 20:02:25+00:00,791.2,0.35776,163149.0,0.6419685374472025
437,1994-04-20 20:10:27+00:00,798.3,0.37697,182397.0,0.4846429397931805
438,1994-04-20 20:18:07+00:00,791.6,0.38941,161592.0,0.7540266835769773
439,1994-04-20 20:26:09+00:00,800.2,0.34905,157662.0,0.9653749387325185
440,1994-04-20 20:34:13+00:00,790.7,0.35515,154268.0,0.8981995862284168
441,1994-04-20 20:42:15+00:00,791.0,0.33385,171080.0,0.7130070936312287
442,1994-04-20 20:50:19+00:00,795.3,0.2986,187142.0,0.7381370528839253
443,1994-04-20 20:57:57+00:00,788.7,0.30462,147881.0,0.4969360227936772
444,1994-04-20 21:06:01+00:00,791.3,0.30015,158138.0,0.6866687069143361
445,1994-04-20 21:14:03+00:00,788.2,0.30032,153443.0,0.5545028704350733
446,1994-04-20 21:22:07+00:00,788.2,0.38085,158260.0,0.8488285807203002
447,1994-04-20 21:30:09+00:00,796.3,0.32022,159152.0,0.646681970695673
448,1994-04-20 21:37:47+00:00,787.8,0.31964,154567.0,0.6999642083739296
449,1994-04-20 21:45:51+00:00,791.7,0.30891,156805.0,0.8923634654262216
450,1994-04-20 21:53:53+00:00,794.8,0.32673,151528.0,0.8677459595036184
451,1994-04-20 22:01:57+00:00,790.5,0.28612,162713.0,0.8359599034642143
452,1994-04-20 22:09:59+00:00,795.7,0.28868,156658.0,0.793657687215058
453,1994-04-20 22:17:39+00:00,784.9,0.28163,150432.0,0.7442539309965923
454,1994-04-20 22:25:41+00:00,785.6,0.28133,151602.0,0.5418873849990232
455,1994-04-20 22:33:45+00:00,784.5,0.27963,151868.0,0.5011212373144981
456,1994-04-20 22:41:47+00:00,786.6,0.28484,152983.0,0.5674982547584393
457,1994-04-20 22:49:49+00:00,791.5,0.27678,154790.0,0.43064382054532574
458,1994-04-20 22:57:29+00:00,780.2,0.2761,143166.0,0.5758190046749744
459,1994-04-20 23:05:31+00:00,779.1,0.28482,141291.0,0.291954875282348
460,1994-04-20 23:13:35+00:00,777.6,0.27278,145817.0,0.11144212525527372
461,1994-04-20 23:21:37+00:00,778.9,0.26429,165625.0,0.33211340058838584
462,1994-04-20 23:29:41+00:00,785.9,0.2461,172681.0,0.2880421800993484
463,1994-04-20 23:37:19+00:00,774.2,0.25152,165138.0,0.27216339746124785
464,1994-04-20 23:45:23+00:00,774.7,0.23462,159175.0,0.312259721359364
465,1994-04-20 23:53:25+00:00,778.8,0.24315,169671.0,0.28009237563303335
466,1994-04-21 00:01:27+00:00,782.9,0.25504,166580.0,0.4373501345264902
467,1994-04-21 00:09:31+00:00,802.8,0.18192,151401.0,0.5322102801067834
468,1994-04-21 00:17:09+00:00,793.0,0.17992,150711.0,0.44979046911440324
469,1994-04-21 00:25:13+00:00,792.4,0.19301,137558.0,0.46947042855769655
470,1994-04-21 00:33:15+00:00,788.1,0.24212,160445.0,0.595978037666785
471,1994-04-21 00:41:19+00:00,792.9,0.19168,160731.0,0.5268748009138308
472,1994-04-21 00:49:21+00:00,801.7,0.20206,161631.0,0.5005345701732659
473,1994-04-21 00:57:01+00:00,789.8,0.18835,155721.0,0.4076430382789332
474,1994-04-21 01:05:03+00:00,789.6,0.20562,182356.0,0.5820765406451673
475,1994-04-21 01:13:07+00:00,789.5,0.19959,171888.0,0.4897582963748931
476,1994-04-21 01:21:09+00:00,789.6,0.21382,197592.0,0.22450167218681533
477,1994-04-21 01:29:11+00:00,787.8,0.16688,193321.0,0.26496786113428517
478,1994-04-21 01:36:51+00:00,791.7,0.19787,154004.0,0.7956742684951675
479,1994-04-21 01:44:53+00:00,800.0,0.15596,155159.0,0.9667555389445031
480,1994-04-21 01:52:57+00:00,791.2,0.18422,148260.0,0.9179507964022338
481,1994-04-21 02:00:59+00:00,797.1,0.19883,158448.0,0.824552816417436
482,1994-04-21 02:09:03+00:00,804.2,0.1737,191139.0,0.8221788756327482
483,1994-04-21 02:16:41+00:00,796.6,0.19975,184456.0,0.8166213774914034
484,1994-04-21 02:24:45+00:00,780.5,0.25311,132882.0,0.5791895098122902
485,1994-04-21 02:32:47+00:00,785.1,0.20173,142984.0,0.6981940892316635
486,1994-04-21 02:40:49+00:00,784.1,0.21312,142146.0,0.4908850315131375
487,1994-04-21 02:48:53+00:00,791.0,0.2122,130794.0,0.44970234378310053
488,1994-04-21 02:56:31+00:00,780.0,0.20062,149662.0,0.44189486225820007
489,1994-04-21 03:04:35+00:00,797.2,0.18229,176709.0,0.5729004698327929
490,1994-04-21 03:25:19+00:00,794.8,0.19648,140693.0,0.4275471749847135
491,1994-04-21 03:29:20+00:00,785.2,0.18963,148232.0,0.5597192787047179
492,1994-04-21 03:33:21+00:00,799.4,0.17937,158049.0,0.7362477486565783
493,1994-04-21 03:37:23+00:00,801.2,0.19189,157831.0,0.7977525788950778
494,1994-04-21 03:41:24+00:00,805.2,0.19113,171700.0,0.671402428959926
495,1994-04-21 03:53:29+00:00,784.8,0.1905,165374.0,0.5506564116270702
496,1994-04-21 03:57:30+00:00,793.2,0.17604,156786.0,0.7102956838576617
497,1994-04-21 04:01:32+00:00,793.8,0.19595,156042.0,0.5539820862534348
498,1994-04-21 04:05:33+00:00,783.2,0.18608,157213.0,0.6030922993942047
499,1994-04-21 04:09:35+00:00,786.8,0.18845,145695.0,0.6820858197731439
500,1994-04-21 04:13:36+00:00,783.4,0.16868,150353.0,0.6886620706890406
501,1994-04-21 04:17:38+00:00,782.9,0.18961,150726.0,0.6189969821736419
502,1994-04-21 04:21:39+00:00,788.8,0.18363,161796.0,0.6809432573014231
503,1994-04-21 04:25:40+00:00,787.0,0.19336,152934.0,0.6981793185380393
504,1994-04-21 04:29:42+00:00,776.6,0.19539,148947.0,0.3819304755391501
505,1994-04-21 04:33:43+00:00,780.0,0.19145,149624.0,0.5289409481101544
506,1994-04-21 04:37:45+00:00,788.4,0.17422,157174.0,0.5645582633345978
507,1994-04-21 04:41:46+00:00,775.7,0.18697,147805.0,0.19553223932558797
508,1994-04-21 04:45:48+00:00,775.7,0.1888,152635.0,0.05473079467865342
509,1994-04-21 04:49:49+00:00,774.7,0.17415,151739.0,0.12849778376466647
510,1994-04-21 04:53:51+00:00,774.5,0.17986,155914.0,0.21484775482815227
511,1994-04-21 04:57:52+00:00,776.5,0.17259,144015.0,0.4402187253298513
512,1994-04-21 05:01:54+00:00,777.4,0.19057,148562.0,0.33141081382904675
513,1994-04-21 05:05:55+00:00,773.7,0.17452,147311.0,0.3549315366349462
514,1994-04-21 05:09:57+00:00,776.4,0.18365,148607.0,0.4355574658904325
515,1994-04-21 05:13:58+00:00,786.9,0.18656,148888.0,0.5060253229461421
516,1994-04-21 05:18:00+00:00,774.7,0.18508,144264.0,0.3204754301937255
517,1994-04-21 05:22:01+00:00,778.7,0.18263,137255.0,0.45681347571333647
518,1994-04-21 05:26:02+00:00,774.3,0.17819,143295.0,0.2859058460212034
519,1994-04-21 05:30:04+00:00,778.7,0.18499,139843.0,0.3988923450768111
520,1994-04-21 05:34:05+00:00,771.5,0.16047,153592.0,0.1311187442494852
521,1994-04-21 05:38:07+00:00,774.3,0.16946,135744.0,0.33929915819638806
522,1994-04-21 05:42:08+00:00,775.4,0.1846,136958.0,0.5145105727621458
523,1994-04-21 05:46:10+00:00,784.9,0.19315,129043.0,0.6966339628736614
524,1994-04-21 05:50:11+00:00,791.7,0.1937,136802.0,0.7033160613742826
525,1994-04-21 05:54:13+00:00,794.5,0.18296,125221.0,0.8027371875328203
526,1994-04-21 05:58:14+00:00,787.2,0.17373,132299.0,0.7390228883361937
527,1994-04-21 06:02:16+00:00,778.5,0.16337,126670.0,0.696726722730479
528,1994-04-21 06:06:17+00:00,789.7,0.17575,123491.0,0.8101066602365502
529,1994-04-21 06:10:19+00:00,789.7,0.14754,144185.0,0.8482430364741993
530,1994-04-21 06:14:20+00:00,793.9,0.18123,129594.0,0.8418023674242139
531,1994-04-21 06:18:21+00:00,790.5,0.15417,136404.0,0.8587596445219791
532,1994-04-21 06:22:23+00:00,792.6,0.15301,138219.0,0.8459333595080982
533,1994-04-21 06:26:24+00:00,800.8,0.15557,145598.0,0.8361406443121014
534,1994-04-21 06:30:26+00:00,794.2,0.1679,132074.0,0.8439538738608365
535,1994-04-21 06:34:27+00:00,785.2,0.1804,126153.0,0.8330910670512772
536,1994-04-21 06:38:29+00:00,786.1,0.16847,124652.0,0.8261913025918591
537,1994-04-21 06:42:30+00:00,788.5,0.16274,135096.0,0.8396219581519376
538,1994-04-21 06:46:32+00:00,784.6,0.16001,122516.0,0.8116772790468988
539,1994-04-21 06:50:33+00:00,782.4,0.17241,121646.0,0.7681491515609298
540,1994-04-21 06:54:35+00:00,780.9,0.1747,119036.0,0.7699001641162445
541,1994-04-21 06:58:36+00:00,779.1,0.17718,118314.0,0.7395525490919364
542,1994-04-21 07:02:38+00:00,789.6,0.16093,128914.0,0.7509729394434401
543,1994-04-21 07:06:39+00:00,776.7,0.16191,119110.0,0.6523057237932597
544,1994-04-21 07:10:41+00:00,787.4,0.17139,122339.0,0.7155730911609126
545,1994-04-21 07:14:42+00:00,778.7,0.16843,130566.0,0.676244972929372
546,1994-04-21 07:18:43+00:00,782.5,0.18834,125054.0,0.6565387785278722
547,1994-04-21 07:22:45+00:00,788.7,0.16182,127639.0,0.8056557810680277
548,1994-04-21 07:26:46+00:00,782.8,0.15449,126959.0,0.7544453661285269
549,1994-04-21 07:30:48+00:00,778.6,0.16752,124217.0,0.6616429434800567
550,1994-04-21 07:34:49+00:00,780.9,0.16706,119092.0,0.6845030134039725
551,1994-04-21 07:38:51+00:00,790.2,0.16793,123770.0,0.6846357992985864
552,1994-04-21 07:46:54+00:00,782.5,0.17694,121205.0,0.7456118469181062
553,1994-04-21 07:50:55+00:00,783.2,0.16103,123315.0,0.7710021369130231
554,1994-04-21 07:54:57+00:00,780.1,0.18084,118858.0,0.7178230663255348
555,1994-04-21 07:58:58+00:00,780.5,0.16568,122512.0,0.7524335493202924
556,1994-04-21 08:03:00+00:00,785.1,0.17571,134735.0,0.7820615530393191
557,1994-04-21 08:07:01+00:00,784.9,0.15996,143473.0,0.8503484030586532
558,1994-04-21 08:11:02+00:00,778.9,0.15617,134008.0,0.8278251132851511
559,1994-04-21 08:15:04+00:00,786.8,0.15795,139456.0,0.8019763869399658
560,1994-04-21 08:19:05+00:00,776.8,0.15631,146594.0,0.7838475303987193
561,1994-04-21 08:23:07+00:00,774.8,0.18051,133672.0,0.7171954445623133
562,1994-04-21 08:27:08+00:00,776.2,0.15894,143326.0,0.7352908023406292
563,1994-04-21 08:31:10+00:00,772.8,0.19478,127436.0,0.6784113055578366
564,1994-04-21 08:35:11+00:00,770.9,0.16755,123712.0,0.6522477321228843
565,1994-04-21 08:39:13+00:00,776.7,0.19424,133542.0,0.6382200013865551
566,1994-04-21 08:43:14+00:00,776.6,0.17457,129694.0,0.6382857384989357
567,1994-04-21 08:47:16+00:00,780.7,0.1645,122763.0,0.7633702420482023
568,1994-04-21 08:51:17+00:00,809.3,0.16022,136776.0,0.76088725162553
569,1994-04-21 08:55:19+00:00,788.0,0.17486,123674.0,0.8006363888033647
570,1994-04-21 08:59:20+00:00,789.3,0.14939,143107.0,0.7811681010257305
571,1994-04-21 09:03:22+00:00,788.1,0.14621,151946.0,0.7831962155088192
572,1994-04-21 09:07:23+00:00,795.7,0.1569,149658.0,0.7928012019703594
573,1994-04-21 09:11:24+00:00,779.9,0.1656,129170.0,0.7640818463325039
574,1994-04-21 09:15:26+00:00,800.7,0.1658,136507.0,0.7244521819538967
575,1994-04-21 09:19:27+00:00,791.6,0.17292,130959.0,0.7973633236168116
576,1994-04-21 09:23:29+00:00,797.5,0.15513,136706.0,0.7518134133846341
577,1994-04-21 09:27:30+00:00,801.1,0.141,152534.0,0.7917809136688047
578,1994-04-21 09:31:32+00:00,799.2,0.17744,135083.0,0.7097713524262876
579,1994-04-21 09:35:33+00:00,786.5,0.16232,133047.0,0.7953762001399588
580,1994-04-21 09:39:35+00:00,780.5,0.16727,129729.0,0.7812770293462765
581,1994-04-21 09:43:36+00:00,766.6,0.17,126374.0,0.4616330262781549
582,1994-04-21 09:51:39+00:00,777.2,0.15185,136493.0,0.7343000525052078
583,1994-04-21 09:55:41+00:00,786.0,0.15631,132503.0,0.7350391300784889
584,1994-04-21 09:59:42+00:00,778.9,0.15579,137746.0,0.7129592487171655
585,1994-04-21 10:03:44+00:00,794.4,0.15388,137662.0,0.7860273861856735
586,1994-04-21 10:07:45+00:00,776.4,0.15734,132259.0,0.7162670634189884
587,1994-04-21 10:11:46+00:00,778.3,0.15744,116466.0,0.7343591480532341
588,1994-04-21 10:15:48+00:00,774.1,0.16626,122928.0,0.7106401680412227
589,1994-04-21 10:19:49+00:00,770.7,0.16248,113603.0,0.7145407671964428
590,1994-04-21 10:23:51+00:00,785.3,0.15698,117002.0,0.8086867152042773
591,1994-04-21 10:27:52+00:00,791.9,0.15025,144045.0,0.82116203883403
592,1994-04-21 10:31:54+00:00,784.5,0.15673,145496.0,0.6969631610053761
593,1994-04-21 10:35:55+00:00,770.2,0.16942,130115.0,0.6261236730277716
594,1994-04-21 10:39:57+00:00,782.5,0.15817,125962.0,0.7536814624196079
595,1994-04-21 10:43:58+00:00,780.8,0.15505,128233.0,0.7803958640131095
596,1994-04-21 10:48:00+00:00,783.0,0.16725,124857.0,0.7999115590038078
597,1994-04-21 10:52:01+00:00,782.0,0.1515,128003.0,0.8030780928707798
598,1994-04-21 10:56:03+00:00,781.4,0.16106,123516.0,0.7739409969807027
599,1994-04-21 11:00:04+00:00,774.7,0.17296,119429.0,0.7619742491950856
600,1994-04-21 11:08:07+00:00,776.8,0.13273,142625.0,0.6737213673402984
601,1994-04-21 11:12:08+00:00,767.8,0.17832,107619.0,0.6372827282578261
602,1994-04-21 11:16:10+00:00,766.7,0.15204,124000.0,0.40734943240248617
603,1994-04-21 11:20:11+00:00,761.3,0.1546,113887.0,0.5271427701177833
604,1994-04-21 11:24:13+00:00,760.8,0.15666,110970.0,0.5105662756967605
605,1994-04-21 11:28:14+00:00,756.6,0.15418,111409.0,0.3906758894356822
606,1994-04-21 11:32:16+00:00,755.9,0.1621,110678.0,0.3546071293246485
607,1994-04-21 11:36:17+00:00,755.4,0.16623,106516.0,0.40054828130187003
608,1994-04-21 11:40:19+00:00,759.3,0.16039,113551.0,0.48841027964869305
609,1994-04-21 11:44:20+00:00,765.3,0.1608,107603.0,0.6341990792351784
610,1994-04-21 11:48:22+00:00,767.9,0.16178,107976.0,0.6390692524352329
611,1994-04-21 11:52:23+00:00,771.8,0.15441,132703.0,0.6407328542275921
612,1994-04-21 11:56:25+00:00,759.8,0.16451,110069.0,0.5629396154329223
613,1994-04-21 12:00:26+00:00,765.5,0.15693,124608.0,0.6924207903107017
614,1994-04-21 12:04:29+00:00,761.5,0.16153,118365.0,0.613759875688362
615,1994-04-21 12:08:30+00:00,757.9,0.16704,112827.0,0.5453090909074175
616,1994-04-21 12:12:31+00:00,761.5,0.15422,129008.0,0.659432301484288
617,1994-04-21 12:16:33+00:00,770.6,0.15918,125663.0,0.7324416828722672
618,1994-04-21 12:20:34+00:00,766.3,0.15953,107332.0,0.6991557805463441
619,1994-04-21 12:24:36+00:00,768.6,0.13547,135266.0,0.7034117398191301
620,1994-04-21 12:28:37+00:00,762.1,0.15336,112884.0,0.5571763444423826
621,1994-04-21 12:32:39+00:00,753.0,0.14723,100579.0,0.3699173059597444
622,1994-04-21 12:46:32+00:00,782.6,0.11551,147096.0,0.8315512090980909
623,1994-04-21 12:54:34+00:00,798.0,0.14074,118935.0,0.8587218799247822
624,1994-04-21 13:02:38+00:00,792.5,0.14659,124457.0,0.8898588469460367
625,1994-04-21 13:10:40+00:00,794.9,0.13341,135666.0,0.8942336923363722
626,1994-04-21 13:18:44+00:00,806.9,0.13158,142675.0,0.8507589790246379
627,1994-04-21 13:26:22+00:00,792.2,0.13336,133870.0,0.8792734435160051
628,1994-04-21 13:34:24+00:00,788.3,0.14185,139476.0,0.8905173511689343
629,1994-04-21 13:42:28+00:00,766.7,0.10817,135871.0,0.841028782490274
630,1994-04-21 13:50:30+00:00,763.7,0.13842,116830.0,0.7212003967270247
631,1994-04-21 13:58:34+00:00,775.5,0.15418,123585.0,0.6721599179101113
632,1994-04-21 14:06:12+00:00,758.8,0.15964,113953.0,0.6249864122191572
633,1994-04-21 14:14:16+00:00,765.2,0.15755,123582.0,0.7390128850748958
634,1994-04-21 14:22:18+00:00,766.6,0.23046,150215.0,0.4172217619279133
635,1994-04-21 14:30:22+00:00,790.0,0.13934,132826.0,0.8856228365655611
636,1994-04-21 14:38:24+00:00,784.9,0.14082,118472.0,0.8633626486654042
637,1994-04-21 14:46:02+00:00,771.1,0.14132,109638.0,0.8464956212262147
638,1994-04-21 14:54:06+00:00,770.5,0.15052,134784.0,0.721859043479055
639,1994-04-21 15:02:08+00:00,754.5,0.14683,119353.0,0.6337682676518462
640,1994-04-21 15:10:12+00:00,753.3,0.1525,115327.0,0.5906179297921874
641,1994-04-21 15:18:14+00:00,765.2,0.1451,123127.0,0.6931089146162447
642,1994-04-21 15:25:54+00:00,758.1,0.15523,111243.0,0.7418392847605495
643,1994-04-21 15:33:56+00:00,750.2,0.15331,108002.0,0.3820098982998372
644,1994-04-21 15:42:00+00:00,746.9,0.15184,123633.0,0.16151238342431812
645,1994-04-21 15:50:02+00:00,747.9,0.13619,148608.0,0.2287479028539056
646,1994-04-21 15:58:06+00:00,754.9,0.15465,142463.0,0.27954604922940207
647,1994-04-21 16:05:44+00:00,744.3,0.14066,126132.0,0.18393725126075905
648,1994-04-21 16:13:46+00:00,748.9,0.15103,110231.0,0.3512186304771402
649,1994-04-21 16:21:50+00:00,748.1,0.15864,111342.0,0.42905710592384616
650,1994-04-21 16:29:52+00:00,754.0,0.15633,106344.0,0.5620280126133785
651,1994-04-21 16:37:56+00:00,756.0,0.16145,98978.0,0.4377999851438774
652,1994-04-21 16:45:34+00:00,751.6,0.15132,103858.0,0.6039794244495583
653,1994-04-21 16:53:38+00:00,752.3,0.14256,108106.0,0.5703085956807419
654,1994-04-21 17:01:40+00:00,755.8,0.14227,115902.0,0.668104798794837
655,1994-04-21 17:09:44+00:00,748.5,0.14944,107199.0,0.3666337594945225
656,1994-04-21 17:17:46+00:00,759.4,0.14341,99924.0,0.725647256251762
657,1994-04-21 17:25:24+00:00,759.5,0.13318,119612.0,0.7926952018393263
658,1994-04-21 17:33:28+00:00,764.7,0.13368,111024.0,0.7926761588654444
659,1994-04-21 17:41:30+00:00,759.9,0.15003,105288.0,0.8090154662787913
660,1994-04-21 17:49:34+00:00,753.7,0.15741,112061.0,0.5982942895203252
661,1994-04-21 17:57:36+00:00,759.3,0.17617,107518.0,0.5609699637552101
662,1994-04-21 18:05:16+00:00,747.0,0.15457,116659.0,0.33049625284789075
663,1994-04-21 18:13:18+00:00,756.1,0.16011,115804.0,0.7026423933218565
664,1994-04-21 18:21:22+00:00,753.1,0.15827,102118.0,0.7056796538792574
665,1994-04-21 18:29:24+00:00,752.5,0.1454,111094.0,0.6188380779046715
666,1994-04-21 18:37:28+00:00,755.6,0.16494,101589.0,0.5739083885097801
667,1994-04-21 18:45:06+00:00,747.4,0.15986,106746.0,0.49524240217377735
668,1994-04-21 18:53:08+00:00,745.6,0.1576,107188.0,0.34167242296813677
669,1994-04-21 19:01:12+00:00,743.1,0.15304,110984.0,0.28478288476087765
670,1994-04-21 19:09:14+00:00,744.7,0.13833,119160.0,0.27615094444505867
671,1994-04-21 19:17:18+00:00,755.1,0.13937,135441.0,0.1989512515099156
672,1994-04-21 19:24:56+00:00,760.0,0.12952,128762.0,0.8561458897470909
673,1994-04-21 19:33:00+00:00,761.0,0.14848,121241.0,0.8175891495417643
674,1994-04-21 19:41:02+00:00,769.0,0.15073,127702.0,0.8891471889769968
675,1994-04-21 19:49:06+00:00,760.5,0.14739,127752.0,0.7607136145732395
676,1994-04-21 19:57:08+00:00,762.8,0.14355,118229.0,0.8289327002620264
677,1994-04-21 20:04:48+00:00,754.6,0.17146,114508.0,0.5594343494045505
678,1994-04-21 20:12:50+00:00,761.4,0.13217,135592.0,0.7984552912916669
679,1994-04-21 20:20:52+00:00,760.4,0.13675,125421.0,0.8145565274654335
680,1994-04-21 20:28:56+00:00,744.9,0.132,117158.0,0.41384937318111475
681,1994-04-21 20:36:58+00:00,754.6,0.14991,102268.0,0.5660193303925188
682,1994-04-21 20:44:38+00:00,743.2,0.14986,108153.0,0.4970197737215097
683,1994-04-21 20:52:40+00:00,745.3,0.15084,104342.0,0.48167883447834464
684,1994-04-21 21:00:44+00:00,741.8,0.14241,105427.0,0.49964654714686346
685,1994-04-21 21:08:46+00:00,749.3,0.1295,123149.0,0.6051340805108419
686,1994-04-21 21:16:50+00:00,757.9,0.13555,109640.0,0.6900773486109909
687,1994-04-21 21:24:28+00:00,760.7,0.12913,131069.0,0.881033146930408
688,1994-04-21 21:32:30+00:00,748.1,0.11919,107019.0,0.6018812233722948
689,1994-04-21 21:40:34+00:00,742.7,0.1428,107221.0,0.594760546419207
690,1994-04-21 21:48:36+00:00,738.9,0.1519,106988.0,0.48476716926155383
691,1994-04-21 21:56:40+00:00,747.4,0.14082,106404.0,0.5345831433154513
692,1994-04-21 22:04:18+00:00,735.7,0.14795,95721.0,0.44554049015536384
693,1994-04-21 22:12:22+00:00,738.2,0.13648,96781.0,0.6627682800752306
694,1994-04-21 22:20:24+00:00,742.8,0.14108,102951.0,0.6767005126389914
695,1994-04-21 22:28:28+00:00,743.9,0.13024,104012.0,0.7534590279784061
696,1994-04-21 22:36:30+00:00,749.9,0.14556,98212.0,0.6291343339126834
697,1994-04-21 22:44:10+00:00,738.7,0.14599,106664.0,0.5248519330825707
698,1994-04-21 22:52:12+00:00,738.9,0.13771,94848.0,0.6743874413880027
699,1994-04-21 23:00:14+00:00,737.5,0.13784,100341.0,0.604011019050835
700,1994-04-21 23:08:18+00:00,739.2,0.13913,93987.0,0.7011469854123162
701,1994-04-21 23:16:20+00:00,749.3,0.14817,106701.0,0.6900788348860767
702,1994-04-21 23:24:00+00:00,734.7,0.15371,100000.0,0.6107470898070938
703,1994-04-21 23:32:02+00:00,734.0,0.14526,101984.0,0.5104087516960472
704,1994-04-21 23:40:06+00:00,735.5,0.14895,100528.0,0.5738779482215245
705,1994-04-21 23:48:08+00:00,741.4,0.15378,103098.0,0.578969357476654
706,1994-04-21 23:56:12+00:00,748.0,0.1453,111700.0,0.5511471678997009
707,1994-04-22 00:03:50+00:00,739.8,0.14865,106031.0,0.6938307392271705
708,1994-04-22 00:11:54+00:00,742.1,0.14399,112342.0,0.6216765045538569
709,1994-04-22 00:19:56+00:00,742.6,0.15032,105267.0,0.7716212046771953
710,1994-04-22 00:27:58+00:00,744.4,0.15126,103070.0,0.8128568088213304
711,1994-04-22 00:36:02+00:00,758.2,0.15408,98304.0,0.8943068759035732
712,1994-04-22 00:43:40+00:00,743.6,0.15319,103473.0,0.8775383878053852
713,1994-04-22 00:51:44+00:00,743.9,0.15436,104077.0,0.7865486380453769
714,1994-04-22 00:59:46+00:00,746.7,0.14741,105057.0,0.9027646937852818
715,1994-04-22 01:07:50+00:00,746.2,0.16236,100489.0,0.8493953503931984
716,1994-04-22 01:15:52+00:00,741.4,0.14462,117864.0,0.7242124263121943
717,1994-04-22 01:23:32+00:00,737.1,0.16025,103342.0,0.6719809186089495
718,1994-04-22 01:39:38+00:00,747.5,0.16181,144984.0,0.8287683069554737
719,1994-04-22 01:53:55+00:00,745.4,0.1537,104667.0,0.6188338431209175
720,1994-04-22 01:57:56+00:00,737.3,0.15994,96834.0,0.6027539942297007
721,1994-04-22 02:01:58+00:00,749.8,0.18215,100351.0,0.9282363932465393
722,1994-04-22 02:05:59+00:00,745.7,0.17978,97338.0,0.8486551052697784
723,1994-04-22 02:18:04+00:00,753.0,0.22037,96106.0,0.9083856046650528
724,1994-04-22 02:22:05+00:00,758.3,0.18699,95912.0,0.9484261597895517
725,1994-04-22 02:26:06+00:00,748.5,0.1598,99477.0,0.8630858675397028
726,1994-04-22 02:30:08+00:00,752.0,0.20292,81736.0,0.7499490003868275
727,1994-04-22 02:34:09+00:00,733.6,0.17173,93458.0,0.5793108606536529
728,1994-04-22 02:38:11+00:00,744.9,0.17901,92808.0,0.7954048666347556
729,1994-04-22 02:42:12+00:00,739.3,0.17718,97181.0,0.7629562327703232
730,1994-04-22 02:46:14+00:00,740.6,0.1801,94683.0,0.7410600164504735
731,1994-04-22 02:50:15+00:00,741.4,0.19454,84540.0,0.7951379360870214
732,1994-04-22 02:54:17+00:00,741.4,0.17489,91663.0,0.711340860323583
733,1994-04-22 02:58:18+00:00,728.4,0.15938,101406.0,0.3789531297620661
734,1994-04-22 03:02:20+00:00,738.4,0.1808,89587.0,0.7351086334118307
735,1994-04-22 03:06:21+00:00,750.9,0.18938,89115.0,0.8273188916960652
736,1994-04-22 03:10:23+00:00,733.6,0.18848,87845.0,0.6726977181516263
737,1994-04-22 03:14:24+00:00,733.1,0.17508,92964.0,0.5157893105525299
738,1994-04-22 03:18:26+00:00,729.1,0.18034,90098.0,0.516731249550562
739,1994-04-22 03:22:27+00:00,750.2,0.19203,100413.0,0.9072799900780861
740,1994-04-22 03:26:28+00:00,742.6,0.18277,99286.0,0.8960364318667005
741,1994-04-22 03:30:30+00:00,741.9,0.17559,97377.0,0.8696942208219917
742,1994-04-22 03:34:31+00:00,739.3,0.19337,89755.0,0.8085021571825641
743,1994-04-22 03:38:33+00:00,751.9,0.18751,104275.0,0.9173380725600249
744,1994-04-22 03:42:34+00:00,751.2,0.19066,84677.0,0.8487574083322489
745,1994-04-22 03:46:36+00:00,743.4,0.19611,86305.0,0.9134278260263807
746,1994-04-22 03:50:37+00:00,739.2,0.18008,91790.0,0.7505616232639558
747,1994-04-22 03:54:39+00:00,733.3,0.18894,92369.0,0.718399794809647
748,1994-04-22 03:58:40+00:00,736.4,0.17849,93724.0,0.7453672047375501
749,1994-04-22 04:02:42+00:00,732.5,0.20296,90473.0,0.6243973479944077
750,1994-04-22 04:06:43+00:00,727.5,0.15109,129449.0,0.39757149846170553
751,1994-04-22 04:10:45+00:00,725.2,0.16639,110187.0,0.3781372892294023
752,1994-04-22 04:14:46+00:00,727.2,0.16969,105245.0,0.4511672936175091
753,1994-04-22 04:18:47+00:00,738.0,0.17628,105634.0,0.5843038288676101
754,1994-04-22 04:22:49+00:00,725.6,0.18091,104117.0,0.5093881832306945
755,1994-04-22 04:26:50+00:00,740.8,0.17895,95118.0,0.8624152631389143
756,1994-04-22 04:30:52+00:00,744.0,0.19491,91683.0,0.9557075299603072
757,1994-04-22 04:34:53+00:00,744.5,0.18001,93983.0,0.9474641558593231
758,1994-04-22 04:38:55+00:00,749.4,0.19818,94959.0,0.9168166218603168
759,1994-04-22 04:42:56+00:00,740.6,0.17699,93958.0,0.9018247604030467
760,1994-04-22 04:46:58+00:00,741.0,0.18529,96256.0,0.9230043503453778
761,1994-04-22 04:50:59+00:00,742.7,0.18387,90293.0,0.9174110148804985
762,1994-04-22 04:55:01+00:00,751.0,0.18933,91298.0,0.8498742853660187
763,1994-04-22 04:59:02+00:00,735.8,0.19856,90070.0,0.8784078524720601
764,1994-04-22 05:03:04+00:00,739.7,0.18978,91389.0,0.9040348833778242
765,1994-04-22 05:07:05+00:00,740.8,0.20628,87375.0,0.949013993526662
766,1994-04-22 05:11:07+00:00,741.8,0.19485,89626.0,0.9397248783687254
767,1994-04-22 05:15:08+00:00,734.0,0.20085,87042.0,0.9004316856920948
768,1994-04-22 05:19:09+00:00,736.6,0.19291,91489.0,0.8741858966014366
769,1994-04-22 05:23:11+00:00,735.9,0.19534,93612.0,0.8590750894727485
770,1994-04-22 05:27:12+00:00,738.1,0.19206,97813.0,0.9303762749393231
771,1994-04-22 05:31:15+00:00,736.6,0.19629,104544.0,0.8065326064084838
772,1994-04-22 05:35:16+00:00,731.3,0.20749,95868.0,0.8785673324867774
773,1994-04-22 05:39:18+00:00,736.3,0.20114,94732.0,0.9276745483572515
774,1994-04-22 05:43:19+00:00,737.5,0.2062,91371.0,0.9792506174087457
775,1994-04-22 05:47:21+00:00,735.9,0.20545,92438.0,0.9258051852851374
776,1994-04-22 05:51:22+00:00,732.9,0.20216,105601.0,0.8502550251259561
777,1994-04-22 05:55:24+00:00,728.6,0.20054,90483.0,0.8261569413466451
778,1994-04-22 05:59:25+00:00,732.7,0.2059,94209.0,0.9450252356142312
779,1994-04-22 06:03:27+00:00,736.4,0.20757,99647.0,0.9595420336058664
780,1994-04-22 06:07:28+00:00,746.2,0.21385,91914.0,0.9873760674364925
781,1994-04-22 06:11:30+00:00,739.0,0.2067,96452.0,0.9888503183187651
782,1994-04-22 06:15:31+00:00,740.7,0.20649,102510.0,1.0071131514546843
783,1994-04-22 06:19:32+00:00,735.6,0.2046,98962.0,0.9642760129198207
784,1994-04-22 06:23:34+00:00,742.8,0.2002,101939.0,1.020001946184929
785,1994-04-22 06:27:35+00:00,737.3,0.18394,105861.0,0.9755633186841097
786,1994-04-22 06:31:37+00:00,741.8,0.20903,103492.0,0.8953948803114524
787,1994-04-22 06:35:38+00:00,734.7,0.20613,98625.0,0.9286083599633168
788,1994-04-22 06:39:40+00:00,732.4,0.19185,99780.0,0.8533653845360814
789,1994-04-22 06:43:41+00:00,731.5,0.19523,102820.0,0.7142731048441932
790,1994-04-22 06:47:43+00:00,732.7,0.20088,103388.0,0.94342833064483
791,1994-04-22 06:51:44+00:00,734.3,0.19451,101039.0,0.9461966205932625
792,1994-04-22 06:55:46+00:00,731.9,0.19462,99143.0,0.9251316905029737
793,1994-04-22 06:59:47+00:00,734.3,0.19264,95794.0,0.9472487063489449
794,1994-04-22 07:03:49+00:00,732.3,0.19765,94689.0,0.9312681381066853
795,1994-04-22 07:07:50+00:00,736.7,0.17125,104161.0,0.9832014287309689
796,1994-04-22 07:11:51+00:00,730.2,0.19994,94895.0,0.9117446751752445
797,1994-04-22 07:15:53+00:00,731.6,0.18942,97636.0,0.8474032298704978
798,1994-04-22 07:19:54+00:00,730.6,0.17186,99530.0,0.8051821425691161
799,1994-04-22 07:23:56+00:00,728.5,0.16926,89073.0,0.9220955963824949
800,1994-04-22 07:27:57+00:00,732.3,0.17888,93794.0,0.9440199560299103
801,1994-04-22 07:31:59+00:00,726.9,0.18327,95132.0,0.903216853203308
802,1994-04-22 07:36:00+00:00,732.0,0.17166,94580.0,0.9030665661705733
803,1994-04-22 07:40:02+00:00,724.1,0.16876,102004.0,0.7795049445866619
804,1994-04-22 07:44:03+00:00,724.8,0.16246,95766.0,0.8094905630848797
805,1994-04-22 07:48:05+00:00,728.3,0.15483,101583.0,0.9933673916900623
806,1994-04-22 07:52:06+00:00,742.1,0.15547,100804.0,1.0796294663432786
807,1994-04-22 07:56:08+00:00,743.8,0.14144,117872.0,1.052310209863901
808,1994-04-22 08:00:09+00:00,728.5,0.15031,107023.0,0.9525339674809142
809,1994-04-22 08:04:11+00:00,722.3,0.16904,99588.0,0.8689350743299548
810,1994-04-22 08:08:12+00:00,722.7,0.16522,100634.0,0.8328969871464587
811,1994-04-22 08:12:13+00:00,733.3,0.144,109030.0,1.030845526643003
812,1994-04-22 08:16:15+00:00,726.0,0.1678,100272.0,0.9361410331795383
813,1994-04-22 08:20:16+00:00,730.6,0.14702,108958.0,0.9569848110759586
814,1994-04-22 08:24:18+00:00,726.2,0.16186,103394.0,0.9673707574180479
815,1994-04-22 08:28:19+00:00,730.7,0.17312,101234.0,0.9703972702994903
816,1994-04-22 08:32:21+00:00,730.7,0.18208,117042.0,0.7237051564798991
817,1994-04-22 08:36:22+00:00,724.8,0.18894,116562.0,0.7566403920297453
818,1994-04-22 08:40:24+00:00,732.5,0.19065,118843.0,0.8524010723187796
819,1994-04-22 08:44:25+00:00,727.5,0.19893,141506.0,0.590927002735478
820,1994-04-22 08:48:27+00:00,730.0,0.22361,137019.0,0.6111855270238813
821,1994-04-22 08:52:28+00:00,727.3,0.20822,151991.0,0.4851253154046206
822,1994-04-22 08:56:30+00:00,731.6,0.21907,120886.0,0.7180445499273368
823,1994-04-22 09:00:31+00:00,723.7,0.19831,143950.0,0.40612126834814183
824,1994-04-22 09:04:33+00:00,722.7,0.21526,142607.0,0.39205891724998854
825,1994-04-22 09:08:34+00:00,728.7,0.23872,130595.0,0.4078943787140231
826,1994-04-22 09:12:35+00:00,723.2,0.21629,134851.0,0.4028437888180175
827,1994-04-22 09:16:37+00:00,722.5,0.21733,142710.0,0.2930123159227681
828,1994-04-22 09:20:38+00:00,719.3,0.20201,147446.0,0.26302193132838037
829,1994-04-22 09:24:40+00:00,722.4,0.22543,126820.0,0.6032804875632904
830,1994-04-22 09:28:41+00:00,722.1,0.224,127871.0,0.5799453732158739
831,1994-04-22 09:32:43+00:00,723.1,0.22791,128928.0,0.5784768196444836
832,1994-04-22 09:36:44+00:00,723.4,0.22901,126244.0,0.660852215175081
833,1994-04-22 09:40:46+00:00,719.9,0.22153,145452.0,0.24509499291619272
834,1994-04-22 09:44:47+00:00,725.9,0.22903,142910.0,0.2903774837219126
835,1994-04-22 09:48:49+00:00,715.7,0.2046,135921.0,0.31914241566945284
836,1994-04-22 09:52:50+00:00,715.7,0.21311,137646.0,0.22249594216041216
837,1994-04-22 09:56:52+00:00,715.9,0.2053,140839.0,0.39813494877620026
838,1994-04-22 10:00:53+00:00,717.2,0.21961,145023.0,0.3402747158485145
839,1994-04-22 10:18:11+00:00,713.6,0.21318,138389.0,0.28474301505076405
840,1994-04-22 10:26:13+00:00,712.4,0.22253,136462.0,0.10329274342836911
841,1994-04-22 10:34:17+00:00,711.2,0.20636,144048.0,0.1416854737690323
842,1994-04-22 10:42:19+00:00,713.3,0.21963,143047.0,0.33928163114365845
843,1994-04-22 10:50:23+00:00,724.7,0.21261,154899.0,0.30731813866795427
844,1994-04-22 10:58:01+00:00,717.3,0.2183,148146.0,0.3102910290273999
845,1994-04-22 11:06:05+00:00,717.6,0.22413,144094.0,0.4382689404783977
846,1994-04-22 11:14:07+00:00,715.2,0.20348,144889.0,0.5812858651511573
847,1994-04-22 11:22:11+00:00,719.0,0.20414,152128.0,0.6511820980518032
848,1994-04-22 11:30:13+00:00,726.3,0.20432,154458.0,0.6088559979078665
849,1994-04-22 11:37:51+00:00,719.9,0.24097,134265.0,0.6620590994367198
850,1994-04-22 11:45:55+00:00,718.4,0.24118,134533.0,0.570486232514613
851,1994-04-22 11:53:57+00:00,716.3,0.22889,143982.0,0.5668701700154745
852,1994-04-22 12:02:01+00:00,719.5,0.22737,145405.0,0.5272786841942512
853,1994-04-22 12:10:03+00:00,724.3,0.25417,141575.0,0.38502730371878
854,1994-04-22 12:17:43+00:00,719.2,0.263,125548.0,0.6524188010575769
855,1994-04-22 12:25:45+00:00,716.0,0.25757,148963.0,0.27533898769527937
856,1994-04-22 12:33:49+00:00,716.2,0.27222,126177.0,0.42259914436759627
857,1994-04-22 12:41:51+00:00,715.8,0.2558,145402.0,0.22255295889219784
858,1994-04-22 12:49:55+00:00,725.9,0.24645,154118.0,0.11982003309585962
859,1994-04-22 12:57:33+00:00,719.7,0.283,132484.0,0.6994673069846915
860,1994-04-22 13:05:35+00:00,719.6,0.28712,145134.0,0.4753893491397532
861,1994-04-22 13:13:39+00:00,716.5,0.26579,131341.0,0.5956044707062988
862,1994-04-22 13:21:41+00:00,715.7,0.26385,138715.0,0.5359421706629582
863,1994-04-22 13:29:45+00:00,726.1,0.2807,149540.0,0.46586278580538587
864,1994-04-22 13:37:23+00:00,720.2,0.2961,139310.0,0.6953388602892552
865,1994-04-22 13:45:27+00:00,716.7,0.28669,137451.0,0.5842742292985575
866,1994-04-22 13:53:29+00:00,720.6,0.29912,138476.0,0.75956261390663
867,1994-04-22 14:01:33+00:00,715.4,0.29914,132427.0,0.6154320459454553
868,1994-04-22 14:09:35+00:00,725.0,0.27481,158449.0,0.687828145974971
869,1994-04-22 14:17:13+00:00,719.1,0.27365,146709.0,0.7427907461711183
870,1994-04-22 14:25:17+00:00,726.1,0.30578,150880.0,0.9445747762386961
871,1994-04-22 14:33:19+00:00,717.2,0.30172,141650.0,0.7777550660376037
872,1994-04-22 14:41:23+00:00,712.7,0.3296,134562.0,0.5549302945341293
873,1994-04-22 14:49:25+00:00,728.4,0.32098,141795.0,0.8868770559805943
874,1994-04-22 14:57:05+00:00,729.6,0.32015,152170.0,1.1137879714869057
875,1994-04-22 15:05:07+00:00,714.0,0.29986,121004.0,0.806925678654816
876,1994-04-22 15:13:11+00:00,717.0,0.30703,138852.0,0.9764929448503653
877,1994-04-22 15:21:13+00:00,724.3,0.33941,140808.0,1.067984121417587
878,1994-04-22 15:29:17+00:00,720.3,0.3196,130971.0,0.8051724248273592
879,1994-04-22 15:36:55+00:00,711.7,0.32516,122759.0,0.7953975834579619
880,1994-04-22 15:44:57+00:00,711.3,0.34544,121276.0,0.7080681358002603
881,1994-04-22 15:53:01+00:00,713.7,0.33266,119397.0,0.8705691894714401
882,1994-04-22 16:01:03+00:00,715.7,0.33947,128591.0,0.9225607630471915
883,1994-04-22 16:09:07+00:00,726.3,0.32644,120321.0,0.9889026107705372
884,1994-04-22 16:16:45+00:00,710.2,0.31297,119914.0,0.9385913986910076
885,1994-04-22 16:24:49+00:00,719.4,0.32009,125454.0,1.1243517963638436
886,1994-04-22 16:32:51+00:00,722.3,0.29656,125243.0,1.1992225230478442
887,1994-04-22 16:40:55+00:00,716.3,0.32284,123409.0,1.1095533759765432
888,1994-04-22 16:48:57+00:00,726.8,0.31783,123558.0,1.1945925562025101
889,1994-04-22 16:56:37+00:00,710.1,0.33419,122935.0,1.0088286072823474
890,1994-04-22 17:04:39+00:00,716.9,0.32297,117848.0,1.1371635485284108
891,1994-04-22 17:12:41+00:00,705.0,0.33406,119380.0,0.8576705559956886
892,1994-04-22 17:20:45+00:00,711.0,0.33974,118925.0,0.9934500873775906
893,1994-04-22 17:28:47+00:00,717.2,0.3146,121460.0,0.9414553791814146
894,1994-04-22 17:36:27+00:00,717.2,0.32726,120683.0,1.177874302671474
895,1994-04-22 17:44:29+00:00,705.9,0.33422,114977.0,0.9150215591176246
896,1994-04-22 17:52:33+00:00,710.2,0.35209,126876.0,1.0205409137203663
897,1994-04-22 18:00:35+00:00,714.9,0.3619,129875.0,1.1049469716597191
898,1994-04-22 18:08:39+00:00,715.1,0.34298,132058.0,0.832648376227843
899,1994-04-22 18:16:17+00:00,706.0,0.38713,125140.0,0.8426197454813312
900,1994-04-22 18:24:21+00:00,708.2,0.39388,124897.0,0.9178256802538277
901,1994-04-22 18:32:23+00:00,706.9,0.35664,118557.0,0.9894049499952471
902,1994-04-22 18:40:25+00:00,703.3,0.3584,118716.0,0.8520085255878357
903,1994-04-22 18:48:29+00:00,718.2,0.35917,126162.0,1.128241524157109
904,1994-04-22 18:56:07+00:00,712.2,0.39264,122797.0,1.0561206804683232
905,1994-04-22 19:04:11+00:00,714.1,0.39924,133337.0,1.1328800405954174
906,1994-04-22 19:12:13+00:00,702.4,0.39541,133239.0,0.8948140680391575
907,1994-04-22 19:20:17+00:00,700.7,0.38275,132581.0,0.7131150946044456
908,1994-04-22 19:28:19+00:00,715.4,0.3995,136655.0,1.1028804849020486
909,1994-04-22 19:35:59+00:00,707.5,0.39201,137574.0,1.0755701965129967
910,1994-04-22 19:44:01+00:00,700.9,0.38553,116689.0,0.9247487333610518
911,1994-04-22 19:52:03+00:00,699.7,0.41163,128588.0,0.9212972015904789
912,1994-04-22 20:00:07+00:00,706.9,0.41328,121006.0,1.1191651588028702
913,1994-04-22 20:08:09+00:00,714.1,0.36239,127066.0,1.026657777024759
914,1994-04-22 20:15:49+00:00,718.0,0.31237,137198.0,1.2188612889031578
915,1994-04-22 20:23:51+00:00,706.5,0.28364,132538.0,1.0744790451522934
916,1994-04-22 20:31:55+00:00,705.4,0.27721,122691.0,1.076073763179247
917,1994-04-22 20:39:57+00:00,708.4,0.29704,137606.0,1.0151755040553214
918,1994-04-22 20:48:01+00:00,722.8,0.35605,162088.0,1.0442388353675462
919,1994-04-22 20:55:39+00:00,711.8,0.36676,161244.0,0.9040767768469068
920,1994-04-22 21:03:43+00:00,709.7,0.3365,147342.0,0.946664440226132
921,1994-04-22 21:11:45+00:00,705.8,0.36117,144957.0,0.9410838559230541
922,1994-04-22 21:19:47+00:00,707.5,0.34669,143030.0,0.975898235210694
923,1994-04-22 21:27:51+00:00,717.6,0.34592,157821.0,0.9890138363277005
924,1994-04-22 21:35:29+00:00,708.7,0.34729,155993.0,0.9670958015233587
925,1994-04-22 21:43:33+00:00,706.3,0.32428,151705.0,1.0012256276164395
926,1994-04-22 21:51:35+00:00,709.4,0.32652,143355.0,1.1471503459194097
927,1994-04-22 21:59:39+00:00,705.0,0.34849,141081.0,0.7982513862710878
928,1994-04-22 22:07:41+00:00,711.2,0.34661,150286.0,0.968348916446781
929,1994-04-22 22:15:21+00:00,702.9,0.36844,149296.0,0.8657108073071272
930,1994-04-22 22:23:23+00:00,707.5,0.37124,153074.0,1.0813832133605474
931,1994-04-22 22:31:27+00:00,700.4,0.38473,152956.0,0.8999989830092012
932,1994-04-22 22:39:29+00:00,701.9,0.38258,153110.0,0.9552046755549823
933,1994-04-22 22:47:31+00:00,705.6,0.42268,158790.0,0.6600054291034079
934,1994-04-22 22:55:12+00:00,714.0,0.39574,163619.0,1.37820292672684
935,1994-04-22 23:03:14+00:00,714.5,0.38409,173222.0,1.3341051631322527
936,1994-04-22 23:11:18+00:00,714.6,0.40807,162381.0,1.3124962274597884
937,1994-04-22 23:19:20+00:00,721.4,0.34436,161698.0,1.320345158108257
938,1994-04-22 23:27:24+00:00,710.5,0.38847,157362.0,1.2281052225862792
939,1994-04-22 23:35:02+00:00,709.6,0.33734,154937.0,1.3711052629199747
940,1994-04-22 23:43:06+00:00,710.5,0.38327,157396.0,1.303211072406649
941,1994-04-22 23:51:08+00:00,697.2,0.37221,166403.0,1.156089869836479
942,1994-04-22 23:59:10+00:00,699.6,0.40471,168680.0,1.1350496714604619
943,1994-04-23 00:07:14+00:00,715.2,0.25949,198098.0,1.150623540646888
944,1994-04-23 00:22:56+00:00,700.9,0.33567,146660.0,1.4635250434367806
945,1994-04-23 00:29:59+00:00,700.4,0.3821,144731.0,1.4871524342165479
946,1994-04-23 00:35:13+00:00,704.4,0.41156,143959.0,1.5266238632310343
947,1994-04-23 00:39:14+00:00,697.1,0.41778,141098.0,1.5860222736907694
948,1994-04-23 00:43:16+00:00,698.8,0.40529,143125.0,1.6032684813975036
949,1994-04-23 00:47:17+00:00,698.8,0.38313,150047.0,1.6356516419457139
950,1994-04-23 00:59:21+00:00,698.8,0.39694,145588.0,1.6678470969421089
951,1994-04-23 01:03:23+00:00,695.8,0.42856,149183.0,1.6010158954614078
952,1994-04-23 01:07:24+00:00,696.5,0.42832,148852.0,1.617172536854599
953,1994-04-23 01:11:26+00:00,705.8,0.42097,153543.0,1.605135115124959
954,1994-04-23 01:15:27+00:00,698.5,0.42555,151603.0,1.6324598913110966
955,1994-04-23 01:19:29+00:00,698.9,0.42474,151217.0,1.6107787260508388
956,1994-04-23 01:23:30+00:00,698.8,0.4396,154030.0,1.5980816247549048
957,1994-04-23 01:27:32+00:00,702.5,0.45731,153049.0,1.5915754519222156
958,1994-04-23 01:31:33+00:00,701.2,0.4431,155457.0,1.543906808022459
959,1994-04-23 01:35:35+00:00,698.4,0.4545,152020.0,1.4697831359535518
960,1994-04-23 01:39:36+00:00,696.9,0.47752,152605.0,1.481315998448922
961,1994-04-23 01:43:38+00:00,701.0,0.45511,155545.0,1.5818531770688977
962,1994-04-23 01:47:39+00:00,715.0,0.50993,167050.0,1.435506415728196
963,1994-04-23 01:51:40+00:00,702.9,0.52824,161816.0,1.4520171437966387
964,1994-04-23 01:55:42+00:00,705.9,0.52257,160410.0,1.4350174230082884
965,1994-04-23 01:59:43+00:00,699.5,0.50377,161539.0,1.4739270414669163
966,1994-04-23 02:03:45+00:00,699.4,0.48411,160175.0,1.4383101288751852
967,1994-04-23 02:07:46+00:00,701.9,0.50477,164050.0,1.4244902256299765
968,1994-04-23 02:11:48+00:00,704.7,0.47031,170553.0,1.49309379165879
969,1994-04-23 02:15:49+00:00,699.2,0.36828,163105.0,1.5745260644019494
970,1994-04-23 02:19:51+00:00,691.9,0.48435,182805.0,1.2213780609426363
971,1994-04-23 02:23:52+00:00,705.0,0.39844,194974.0,1.3099232853934468
972,1994-04-23 02:27:54+00:00,695.0,0.43733,189603.0,1.1417818887975726
973,1994-04-23 02:31:55+00:00,696.6,0.35302,157875.0,1.4705572868068246
974,1994-04-23 02:35:57+00:00,692.3,0.43354,166117.0,1.4037572078873723
975,1994-04-23 02:39:58+00:00,694.9,0.4054,166433.0,1.448809762644512
976,1994-04-23 02:44:00+00:00,699.1,0.4154,172361.0,1.4793081373569192
977,1994-04-23 02:48:01+00:00,690.8,0.44063,164450.0,1.4100374343659863
978,1994-04-23 02:52:02+00:00,693.9,0.39847,168604.0,1.4474202366714972
979,1994-04-23 02:56:04+00:00,692.6,0.34587,157469.0,1.5017755263054258
980,1994-04-23 03:00:05+00:00,697.8,0.33868,154456.0,1.5525108919842783
981,1994-04-23 03:04:07+00:00,687.9,0.37647,142065.0,1.5300432751560915
982,1994-04-23 03:08:08+00:00,690.9,0.45445,161490.0,1.4193492624903215
983,1994-04-23 03:12:10+00:00,693.5,0.31503,164563.0,1.3443916058545584
984,1994-04-23 03:16:11+00:00,710.1,0.43383,210926.0,1.2117061788418428
985,1994-04-23 03:20:13+00:00,699.7,0.46,185892.0,1.245260817612811
986,1994-04-23 03:24:14+00:00,691.1,0.47757,184568.0,1.1066818851340043
987,1994-04-23 03:28:16+00:00,700.0,0.46037,188165.0,1.2673290141553393
988,1994-04-23 03:32:17+00:00,698.8,0.43556,186106.0,1.37249375148109
989,1994-04-23 03:36:19+00:00,703.6,0.43486,194584.0,1.242625910302167
990,1994-04-23 03:40:20+00:00,696.6,0.44311,171842.0,1.2166297583473467
991,1994-04-23 03:44:22+00:00,694.4,0.46619,173730.0,1.1326962903353526
992,1994-04-23 03:48:23+00:00,692.4,0.47316,176716.0,1.2021200540089125
993,1994-04-23 03:52:24+00:00,691.2,0.44572,171662.0,1.3189115921196357
994,1994-04-23 03:56:26+00:00,692.4,0.4382,172002.0,1.293850348902724
995,1994-04-23 04:00:27+00:00,697.3,0.4712,193525.0,1.154208610745307
996,1994-04-23 04:04:29+00:00,700.2,0.47147,199539.0,1.12985926352092
997,1994-04-23 04:08:30+00:00,699.2,0.50322,181880.0,1.211528423076669
998,1994-04-23 04:12:32+00:00,710.8,0.49083,201098.0,0.7735786978407739
999,1994-04-23 04:16:33+00:00,699.6,0.50495,195610.0,1.2096960808236623
1000,1994-04-23 04:20:35+00:00,697.8,0.52446,198464.0,1.1470819537180064
1001,1994-04-23 04:24:36+00:00,693.9,0.53343,200864.0,0.8380987622331848
1002,1994-04-23 04:28:38+00:00,699.0,0.52204,192137.0,1.164358494048255
1003,1994-04-23 04:32:39+00:00,701.0,0.53579,198671.0,0.8623053772011766
1004,1994-04-23 04:36:41+00:00,694.4,0.48051,182602.0,0.9153015854314254
1005,1994-04-23 04:40:42+00:00,693.1,0.51652,188265.0,0.9474029917693907
1006,1994-04-23 04:44:43+00:00,699.0,0.50023,182773.0,1.242682394439372
1007,1994-04-23 04:48:45+00:00,712.1,0.49678,213491.0,0.9402308946732103
1008,1994-04-23 04:52:46+00:00,712.4,0.54091,205050.0,0.9097921715231545
1009,1994-04-23 04:56:48+00:00,708.7,0.57269,199443.0,0.9307404099111859
1010,1994-04-23 05:00:49+00:00,718.1,0.57315,188877.0,1.0367482365802443
1011,1994-04-23 05:04:51+00:00,709.4,0.5014,190800.0,1.0625538363718503
1012,1994-04-23 05:08:52+00:00,707.4,0.55949,192112.0,1.0554915037912045
1013,1994-04-23 05:12:54+00:00,709.2,0.51995,193481.0,1.076775649934437
1014,1994-04-23 05:16:55+00:00,708.5,0.56554,204964.0,0.8209638001182848
1015,1994-04-23 05:20:57+00:00,713.1,0.56728,199292.0,0.9740384219920919
1016,1994-04-23 05:24:58+00:00,719.1,0.59555,188567.0,1.1068601123132993
1017,1994-04-23 05:29:00+00:00,712.5,0.49869,182090.0,1.2130836560852782
1018,1994-04-23 05:33:01+00:00,705.5,0.36234,153891.0,1.3089053733956977
1019,1994-04-23 05:37:03+00:00,712.4,0.50508,176593.0,1.3296803432189126
1020,1994-04-23 05:41:04+00:00,710.5,0.49518,173554.0,1.3738363273292233
1021,1994-04-23 05:45:05+00:00,705.2,0.56615,188090.0,1.2710617605470726
1022,1994-04-23 05:49:07+00:00,709.2,0.5506,189872.0,1.3057383184778426
1023,1994-04-23 05:53:08+00:00,708.0,0.59466,191077.0,1.233225600903361
1024,1994-04-23 05:57:10+00:00,708.1,0.66164,194759.0,1.2029712354107254
1025,1994-04-23 06:01:11+00:00,720.8,0.47818,197829.0,1.1876626107510118
1026,1994-04-23 06:05:13+00:00,711.9,0.508,189350.0,1.3646887308976994
1027,1994-04-23 06:09:14+00:00,709.5,0.5374,190478.0,1.1993798860412017
1028,1994-04-23 06:13:16+00:00,714.4,0.55097,206296.0,0.9003919547288324
1029,1994-04-23 06:17:17+00:00,712.5,0.48904,201161.0,1.0360140972051377
1030,1994-04-23 06:21:19+00:00,710.9,0.43217,181374.0,1.4148705114636484
1031,1994-04-23 06:25:20+00:00,711.1,0.42683,179137.0,1.4380171973049825
1032,1994-04-23 06:29:22+00:00,709.0,0.38835,186559.0,1.3751837047416209
1033,1994-04-23 06:33:23+00:00,713.3,0.38545,197908.0,1.4303303096904947
1034,1994-04-23 06:37:25+00:00,728.6,0.48452,220537.0,1.2337302868625255
1035,1994-04-23 06:41:26+00:00,714.3,0.40309,198034.0,1.2986750432188925
1036,1994-04-23 06:45:27+00:00,706.5,0.46704,180612.0,1.1190653669733683
1037,1994-04-23 06:49:29+00:00,706.2,0.43682,181691.0,1.1128582246821916
1038,1994-04-23 06:53:30+00:00,712.3,0.44318,187673.0,1.3804655033161908
1039,1994-04-23 06:57:32+00:00,709.6,0.44401,190323.0,1.3381170190344296
1040,1994-04-23 07:01:33+00:00,711.6,0.48959,193721.0,1.2452206740374576
1041,1994-04-23 07:05:35+00:00,698.8,0.58039,189203.0,0.6601509199899548
1042,1994-04-23 07:09:36+00:00,693.8,0.59391,185027.0,0.7548640739904275
1043,1994-04-23 07:13:38+00:00,707.9,0.63638,186473.0,0.9868810443731182
1044,1994-04-23 07:32:20+00:00,700.0,0.55515,181693.0,0.9946257398018723
1045,1994-04-23 07:40:22+00:00,702.5,0.57455,177162.0,0.8020921036013599
1046,1994-04-23 07:48:26+00:00,696.6,0.65101,175443.0,0.9390538920330366
1047,1994-04-23 07:56:28+00:00,694.6,0.67078,173685.0,0.2731419305229774
1048,1994-04-23 08:04:32+00:00,703.6,0.62424,199165.0,0.2463707624809743
1049,1994-04-23 08:12:10+00:00,692.7,0.58583,185530.0,0.5656156758502926
1050,1994-04-23 08:20:14+00:00,695.1,0.55131,188158.0,0.3703604103385833
1051,1994-04-23 08:28:16+00:00,692.1,0.56404,183212.0,0.5305940863788364
1052,1994-04-23 08:36:20+00:00,696.5,0.55722,189118.0,0.5992577689891531
1053,1994-04-23 08:44:22+00:00,699.8,0.56233,208623.0,0.7179975422855581
1054,1994-04-23 08:52:02+00:00,693.1,0.6206,185537.0,1.1034270509485427
1055,1994-04-23 09:00:04+00:00,702.5,0.58447,184640.0,0.8246457927790911
1056,1994-04-23 09:08:06+00:00,682.9,0.563,169429.0,0.570494892033063
1057,1994-04-23 09:16:10+00:00,687.2,0.54117,159693.0,0.7928907813394184
1058,1994-04-23 09:24:12+00:00,701.5,0.52817,195814.0,0.851727957431591
1059,1994-04-23 09:31:52+00:00,692.1,0.55289,188033.0,0.6868640921306824
1060,1994-04-23 09:39:54+00:00,694.8,0.50498,181385.0,0.9434595709270779
1061,1994-04-23 09:47:58+00:00,693.5,0.53321,185066.0,0.5527356674721099
1062,1994-04-23 09:56:00+00:00,688.2,0.54134,185332.0,0.24381396943754302
1063,1994-04-23 10:04:04+00:00,710.2,0.51619,188432.0,0.8901488822134364
1064,1994-04-23 10:11:42+00:00,700.5,0.51355,176382.0,0.6999274621597208
1065,1994-04-23 10:19:46+00:00,697.1,0.46373,178175.0,0.8215428377271513
1066,1994-04-23 10:27:48+00:00,700.1,0.45167,179043.0,1.0475690679660197
1067,1994-04-23 10:35:50+00:00,700.3,0.46341,167451.0,1.0845759416253333
1068,1994-04-23 10:43:54+00:00,730.3,0.31075,145597.0,0.7729168673784506
1069,1994-04-23 10:51:32+00:00,726.8,0.30781,134682.0,0.7639120730597939
1070,1994-04-23 10:59:36+00:00,719.4,0.32241,130982.0,0.6273511541484187
1071,1994-04-23 11:07:38+00:00,720.3,0.31214,128664.0,0.6481009183695432
1072,1994-04-23 11:15:42+00:00,724.2,0.30485,128190.0,0.6491782176841744
1073,1994-04-23 11:23:44+00:00,727.7,0.29384,140275.0,0.6138641223444766
1074,1994-04-23 11:31:24+00:00,717.2,0.25714,133144.0,0.4741231170713684
1075,1994-04-23 11:39:26+00:00,715.8,0.30349,134287.0,0.23315068311676768
1076,1994-04-23 11:47:30+00:00,717.6,0.29569,146084.0,0.5478266194083705
1077,1994-04-23 11:55:32+00:00,719.2,0.31191,133962.0,0.5609816876526813
1078,1994-04-23 12:03:34+00:00,724.0,0.28483,149184.0,0.5858596412361031
1079,1994-04-23 12:11:14+00:00,714.8,0.28036,145912.0,0.5010918788418061
1080,1994-04-23 12:19:16+00:00,721.8,0.27611,147641.0,0.7225006617862411
1081,1994-04-23 12:27:20+00:00,723.2,0.28127,150771.0,0.7821304969794095
1082,1994-04-23 12:35:22+00:00,727.9,0.28788,157852.0,0.8671713657035609
1083,1994-04-23 12:43:26+00:00,735.9,0.30154,150717.0,0.7601073337980424
1084,1994-04-23 12:51:04+00:00,725.3,0.30068,146805.0,0.8127406570450157
1085,1994-04-23 12:59:08+00:00,716.7,0.29062,148006.0,0.5089707252006044
1086,1994-04-23 13:07:10+00:00,711.7,0.30259,131333.0,0.24091054155197766
1087,1994-04-23 13:15:12+00:00,713.1,0.31197,123555.0,0.3593295064784035
1088,1994-04-23 13:23:16+00:00,723.1,0.29448,130524.0,0.5649391744730277
1089,1994-04-23 13:30:54+00:00,717.2,0.3108,122302.0,0.5186175928391845
1090,1994-04-23 13:38:58+00:00,721.6,0.29354,132132.0,0.7552738325450015
1091,1994-04-23 13:47:00+00:00,715.5,0.28588,137611.0,0.6429296361091956
1092,1994-04-23 13:55:04+00:00,723.9,0.27445,132401.0,0.8470041660807323
1093,1994-04-23 14:03:06+00:00,728.5,0.26952,133554.0,0.8356276842337548
1094,1994-04-23 14:10:46+00:00,729.3,0.31676,118464.0,0.9113964150919969
1095,1994-04-23 14:18:48+00:00,732.1,0.29819,122589.0,0.8692614530443424
1096,1994-04-23 14:26:52+00:00,716.9,0.28584,137688.0,0.5371110421185257
1097,1994-04-23 14:34:54+00:00,723.8,0.29226,149973.0,0.3703737576055788
1098,1994-04-23 14:42:56+00:00,730.2,0.28117,148677.0,0.6098133968811018
1099,1994-04-23 14:50:36+00:00,718.4,0.33222,148774.0,0.44350586938272285
1100,1994-04-23 14:58:38+00:00,728.5,0.30138,145122.0,0.6785021149805566
1101,1994-04-23 15:06:42+00:00,720.1,0.26229,130841.0,0.5942538665553097
1102,1994-04-23 15:14:44+00:00,719.7,0.27793,133424.0,0.5332445581570736
1103,1994-04-23 15:22:48+00:00,727.2,0.27381,130973.0,0.6488095775481106
1104,1994-04-23 15:30:26+00:00,721.7,0.26524,134168.0,0.6501955754744346
1105,1994-04-23 15:38:30+00:00,725.2,0.2645,136963.0,0.7368174730944133
1106,1994-04-23 15:46:32+00:00,726.8,0.25298,130065.0,0.8162474927869863
1107,1994-04-23 15:54:36+00:00,726.6,0.28832,119058.0,0.8393193643214297
1108,1994-04-23 16:02:38+00:00,736.8,0.28984,120360.0,0.9212559646778478
1109,1994-04-23 16:10:16+00:00,720.4,0.28456,110622.0,0.7938760601141016
1110,1994-04-23 16:18:21+00:00,732.6,0.31323,159230.0,0.799900901952422
1111,1994-04-23 16:26:23+00:00,729.6,0.27913,152972.0,0.8337582749059593
1112,1994-04-23 16:34:27+00:00,727.2,0.29049,150621.0,0.7870512986811963
1113,1994-04-23 16:42:29+00:00,738.8,0.29182,140422.0,0.7944131388449025
1114,1994-04-23 16:50:09+00:00,728.2,0.28492,162170.0,0.740594811718017
1115,1994-04-23 16:58:11+00:00,735.3,0.27512,129891.0,0.9014515126893012
1116,1994-04-23 17:06:15+00:00,725.4,0.31019,131874.0,0.7604480601334114
1117,1994-04-23 17:14:17+00:00,727.9,0.31836,137230.0,0.6629671560469292
1118,1994-04-23 17:22:19+00:00,740.7,0.31736,142977.0,0.7669896531249215
1119,1994-04-23 17:29:59+00:00,727.1,0.32127,132197.0,0.715370898890607
1120,1994-04-23 17:38:01+00:00,732.9,0.31313,140197.0,0.6927669728423174
1121,1994-04-23 17:46:05+00:00,722.9,0.33505,137058.0,0.558022893423851
1122,1994-04-23 17:54:07+00:00,723.5,0.34812,140611.0,0.5145980710886343
1123,1994-04-23 18:02:11+00:00,733.7,0.34829,138147.0,0.5642557931208775
1124,1994-04-23 18:09:49+00:00,724.1,0.32868,142799.0,0.35666953078664626
1125,1994-04-23 18:17:53+00:00,722.6,0.32225,154603.0,0.26572672409596626
1126,1994-04-23 18:25:55+00:00,722.1,0.32107,151081.0,0.2740778563790443
1127,1994-04-23 18:33:59+00:00,731.8,0.30202,176850.0,0.6705936618155252
1128,1994-04-23 18:42:01+00:00,737.4,0.31049,166893.0,0.28117469085171104
1129,1994-04-23 18:49:39+00:00,722.2,0.33138,157569.0,0.18260478172822592
1130,1994-04-23 18:57:43+00:00,739.6,0.31105,156525.0,0.8989571483242258
1131,1994-04-23 19:05:45+00:00,741.2,0.35699,156130.0,0.871931085265847
1132,1994-04-23 19:13:49+00:00,740.4,0.31484,153759.0,0.9363727367707981
1133,1994-04-23 19:21:51+00:00,749.9,0.33031,165174.0,0.9203095493035907
1134,1994-04-23 19:29:31+00:00,739.1,0.32236,157980.0,0.9324485268603498
1135,1994-04-23 19:37:33+00:00,742.9,0.32499,163743.0,0.8876381388376066
1136,1994-04-23 19:45:37+00:00,737.2,0.34988,151265.0,0.9274770249591463
1137,1994-04-23 19:53:39+00:00,735.3,0.32909,157975.0,0.9356564691570524
1138,1994-04-23 20:01:43+00:00,742.9,0.34649,152907.0,0.900043963606854
1139,1994-04-23 20:09:21+00:00,731.4,0.34851,159816.0,0.9094605870524405
1140,1994-04-23 20:17:23+00:00,737.5,0.36182,141093.0,0.9289399958614091
1141,1994-04-23 20:25:27+00:00,733.1,0.35258,157823.0,0.9547266878951283
1142,1994-04-23 20:33:29+00:00,738.7,0.33823,161765.0,0.9194315397234796
1143,1994-04-23 20:41:33+00:00,744.6,0.32205,169486.0,0.9197079029186053
1144,1994-04-23 20:49:11+00:00,727.6,0.35138,128575.0,0.8934536173055727
1145,1994-04-23 20:57:15+00:00,730.7,0.33006,132259.0,0.8563640157425171
1146,1994-04-23 21:05:17+00:00,735.3,0.37903,136434.0,0.8840800057594622
1147,1994-04-23 21:13:21+00:00,736.6,0.35472,136284.0,0.880831631815382
1148,1994-04-23 21:21:23+00:00,742.4,0.32803,131189.0,0.9267866124160006
1149,1994-04-23 21:29:01+00:00,726.3,0.3358,127749.0,0.8261461645754051
1150,1994-04-23 21:37:05+00:00,728.8,0.33045,148035.0,0.8079298159640246
1151,1994-04-23 21:45:07+00:00,726.6,0.32992,149916.0,0.719018952322315
1152,1994-04-23 21:53:11+00:00,724.7,0.33733,138553.0,0.7872261557890173
1153,1994-04-23 22:01:13+00:00,740.4,0.34496,146125.0,0.6773580192576054
1154,1994-04-23 22:08:53+00:00,732.4,0.33797,135507.0,0.8739703001902139
1155,1994-04-23 22:16:55+00:00,729.5,0.34246,142514.0,0.7896018725455916
1156,1994-04-23 22:24:59+00:00,730.3,0.34712,135700.0,0.8903630124606933
1157,1994-04-23 22:33:01+00:00,728.8,0.31386,146050.0,0.9380534819938549
1158,1994-04-23 22:41:05+00:00,741.0,0.31703,159994.0,0.8854521359247379
1159,1994-04-23 22:48:43+00:00,728.3,0.32473,156314.0,0.8172951596642568
1160,1994-04-23 22:56:45+00:00,729.7,0.29307,164462.0,0.3916111726662148
1161,1994-04-23 23:04:49+00:00,728.1,0.32068,130876.0,0.7250532032566802
1162,1994-04-23 23:12:51+00:00,725.8,0.30421,136981.0,0.6619911333148284
1163,1994-04-23 23:20:55+00:00,732.1,0.29319,135116.0,0.6244842446047315
1164,1994-04-23 23:28:33+00:00,724.5,0.28404,140951.0,0.5832549299565079
1165,1994-04-23 23:36:37+00:00,721.6,0.31258,149504.0,0.09364396834326724
1166,1994-04-23 23:44:39+00:00,723.1,0.28626,135815.0,0.36415897378839596
1167,1994-04-23 23:52:43+00:00,723.0,0.28281,155929.0,0.387360521091669
1168,1994-04-24 00:00:45+00:00,732.9,0.28529,160563.0,0.6612653069631983
1169,1994-04-24 00:08:23+00:00,720.9,0.28752,159410.0,0.5780615510398621
1170,1994-04-24 00:16:27+00:00,726.3,0.29274,165080.0,0.554651978195089
1171,1994-04-24 00:24:29+00:00,720.0,0.29888,161385.0,0.4222743125269824
1172,1994-04-24 00:32:33+00:00,734.0,0.28953,168460.0,0.6393303771675005
1173,1994-04-24 00:53:29+00:00,738.6,0.27374,170749.0,0.6813777024780492
1174,1994-04-24 00:57:30+00:00,727.2,0.28333,162441.0,0.6193448213136569
1175,1994-04-24 01:01:32+00:00,724.4,0.3012,160946.0,0.4624823256682856
1176,1994-04-24 01:05:33+00:00,723.8,0.2878,159253.0,0.4594159663103103
1177,1994-04-24 01:09:35+00:00,726.1,0.28933,164425.0,0.5560384817190385
1178,1994-04-24 01:13:36+00:00,732.4,0.32381,153613.0,0.5033502695034964
1179,1994-04-24 01:17:38+00:00,734.0,0.28624,145667.0,0.8181894946741906
1180,1994-04-24 01:21:39+00:00,728.2,0.29042,144640.0,0.7531403442628647
1181,1994-04-24 01:25:41+00:00,733.5,0.30356,147274.0,0.8171281011930506
1182,1994-04-24 01:29:42+00:00,740.4,0.29675,152764.0,0.7375419138625917
1183,1994-04-24 01:33:44+00:00,732.5,0.30473,146098.0,0.8156926545389059
1184,1994-04-24 01:37:45+00:00,729.1,0.27208,159582.0,0.6168213530982202
1185,1994-04-24 01:41:46+00:00,727.6,0.31415,158568.0,0.762648256886648
1186,1994-04-24 01:45:48+00:00,723.7,0.29992,157075.0,0.5744863912977352
1187,1994-04-24 01:49:49+00:00,719.2,0.30359,152639.0,0.16663691751358223
1188,1994-04-24 01:53:51+00:00,720.5,0.33263,144318.0,0.3524249492436644
1189,1994-04-24 01:57:52+00:00,721.7,0.30909,149974.0,0.5619838570483038
1190,1994-04-24 02:01:54+00:00,731.6,0.33992,158191.0,0.5855665412429512
1191,1994-04-24 02:05:55+00:00,736.4,0.32459,155131.0,0.7332692407964302
1192,1994-04-24 02:09:57+00:00,722.8,0.31408,155513.0,0.5557040333850666
1193,1994-04-24 02:13:58+00:00,726.4,0.31084,156586.0,0.6918644479110309
1194,1994-04-24 02:18:00+00:00,720.9,0.31658,156788.0,0.43134324885307934
1195,1994-04-24 02:22:01+00:00,737.1,0.31758,155769.0,0.8265671840712397
1196,1994-04-24 02:26:03+00:00,737.5,0.31978,156249.0,0.8226511108044454
1197,1994-04-24 02:30:04+00:00,723.0,0.30387,135105.0,0.2185685534907657
1198,1994-04-24 02:34:05+00:00,719.2,0.30183,140597.0,0.3988240032626526
1199,1994-04-24 02:38:07+00:00,721.3,0.296,145940.0,0.48805622146515365
1200,1994-04-24 02:42:08+00:00,726.5,0.30597,139154.0,0.41570256708693465
1201,1994-04-24 02:46:10+00:00,717.9,0.29947,145324.0,0.3293009483431191
1202,1994-04-24 02:50:11+00:00,718.8,0.2924,148914.0,0.08927382483754227
1203,1994-04-24 02:54:13+00:00,717.7,0.28717,150791.0,0.062177684334036094
1204,1994-04-24 02:58:14+00:00,718.0,0.30518,155428.0,0.03382950799964765
1205,1994-04-24 03:02:16+00:00,718.0,0.29094,155599.0,0.18880447557436475
1206,1994-04-24 03:06:17+00:00,719.1,0.2924,159445.0,0.2807492958376525
1207,1994-04-24 03:10:19+00:00,716.7,0.29458,153653.0,0.17423125920424898
1208,1994-04-24 03:14:20+00:00,717.7,0.29458,157290.0,0.3028740667264946
1209,1994-04-24 03:18:22+00:00,726.7,0.30063,154244.0,0.34699191415772546
1210,1994-04-24 03:22:23+00:00,718.0,0.29382,153285.0,0.31476743989373845
1211,1994-04-24 03:26:25+00:00,722.2,0.29866,152540.0,0.5456001817878222
1212,1994-04-24 03:30:26+00:00,728.5,0.30303,142346.0,0.719708569692064
1213,1994-04-24 03:34:27+00:00,730.6,0.31779,155533.0,0.6851296562570075
1214,1994-04-24 03:38:29+00:00,733.4,0.30017,135209.0,0.8166012642225474
1215,1994-04-24 03:42:30+00:00,742.1,0.31219,134479.0,0.735114971238265
1216,1994-04-24 03:46:32+00:00,730.0,0.29738,134616.0,0.7724029237606568
1217,1994-04-24 03:50:33+00:00,732.0,0.27634,141583.0,0.7448919203367104
1218,1994-04-24 03:54:35+00:00,728.3,0.28777,155618.0,0.5075827969213602
1219,1994-04-24 03:58:36+00:00,737.9,0.27129,155414.0,0.6836674853364174
1220,1994-04-24 04:02:38+00:00,743.7,0.2886,158855.0,0.6042274841156446
1221,1994-04-24 04:06:39+00:00,740.2,0.26711,164756.0,0.5198470547454435
1222,1994-04-24 04:10:41+00:00,736.0,0.27388,162902.0,0.6008163355354275
1223,1994-04-24 04:14:42+00:00,724.9,0.31019,160308.0,0.09857078643192675
1224,1994-04-24 04:18:44+00:00,727.6,0.32167,167256.0,0.34287312542779835
1225,1994-04-24 04:22:45+00:00,722.7,0.32003,163544.0,0.1530555460629633
1226,1994-04-24 04:26:47+00:00,724.7,0.33333,165107.0,0.29541102529773416
1227,1994-04-24 04:30:48+00:00,736.5,0.34062,169978.0,0.3696623618759463
1228,1994-04-24 04:34:49+00:00,725.3,0.30573,156056.0,0.6749893152453001
1229,1994-04-24 04:38:51+00:00,725.2,0.30828,155085.0,0.6644678486260026
1230,1994-04-24 04:42:52+00:00,727.6,0.3032,149263.0,0.8014248541257321
1231,1994-04-24 04:46:54+00:00,725.5,0.3049,155817.0,0.677827115701386
1232,1994-04-24 04:50:55+00:00,723.1,0.28014,154446.0,0.6725031048275648
1233,1994-04-24 04:54:57+00:00,723.5,0.29365,152116.0,0.7083630778627331
1234,1994-04-24 04:58:58+00:00,728.4,0.32723,149577.0,0.829465240535896
1235,1994-04-24 05:03:00+00:00,727.2,0.30723,151615.0,0.8142410389591146
1236,1994-04-24 05:07:01+00:00,735.9,0.33275,152894.0,0.8696592621279464
1237,1994-04-24 05:11:03+00:00,726.1,0.32465,150702.0,0.8784031642350852
1238,1994-04-24 05:15:04+00:00,724.4,0.32115,149444.0,0.8495457593740653
1239,1994-04-24 05:19:06+00:00,724.7,0.33748,146900.0,0.8257589324575451
1240,1994-04-24 05:23:07+00:00,720.6,0.36368,153306.0,0.7378736303049637
1241,1994-04-24 05:27:08+00:00,718.7,0.31701,150357.0,0.7428165190583
1242,1994-04-24 05:31:10+00:00,722.7,0.31522,149803.0,0.7598669520083339
1243,1994-04-24 05:35:11+00:00,718.9,0.31722,150716.0,0.6224488307274311
1244,1994-04-24 05:39:13+00:00,719.0,0.31047,150995.0,0.5987517486294139
1245,1994-04-24 05:43:14+00:00,725.2,0.31272,155908.0,0.6575838041068156
1246,1994-04-24 05:47:16+00:00,722.1,0.31192,150097.0,0.8234269543926512
1247,1994-04-24 05:51:17+00:00,724.2,0.33074,155341.0,0.7930820160266354
1248,1994-04-24 05:55:19+00:00,718.8,0.34253,156175.0,0.6710766526834256
1249,1994-04-24 05:59:20+00:00,721.7,0.34185,162361.0,0.7355987323936473
1250,1994-04-24 06:03:22+00:00,725.6,0.3488,158753.0,0.7871722796585762
1251,1994-04-24 06:07:23+00:00,726.7,0.306,159692.0,0.7896486554502933
1252,1994-04-24 06:11:25+00:00,725.1,0.31984,154105.0,0.9296470523294044
1253,1994-04-24 06:15:26+00:00,720.9,0.34617,155801.0,0.7587486585077853
1254,1994-04-24 06:19:28+00:00,730.4,0.31674,159499.0,0.8196570151474912
1255,1994-04-24 06:23:29+00:00,720.4,0.32915,151163.0,0.7563689281415343
1256,1994-04-24 06:27:30+00:00,724.9,0.3157,152441.0,0.803274555234052
1257,1994-04-24 06:31:32+00:00,721.0,0.27637,148147.0,0.852431478815394
1258,1994-04-24 06:35:33+00:00,725.3,0.31484,149788.0,0.8190540714804602
1259,1994-04-24 06:39:35+00:00,718.7,0.32864,152085.0,0.7173932661646278
1260,1994-04-24 06:43:36+00:00,728.5,0.33198,156120.0,0.7766378148639934
1261,1994-04-24 06:47:38+00:00,723.8,0.32363,144953.0,0.8156593721924441
1262,1994-04-24 06:51:39+00:00,724.6,0.32883,149602.0,0.7907210924655262
1263,1994-04-24 06:55:41+00:00,729.7,0.31801,155516.0,0.761272298712839
1264,1994-04-24 06:59:42+00:00,724.0,0.30244,149351.0,0.7840125858952078
1265,1994-04-24 07:03:44+00:00,726.1,0.27003,154105.0,0.836989366797607
1266,1994-04-24 07:07:45+00:00,721.6,0.30933,149427.0,0.7888808994181428
1267,1994-04-24 07:11:47+00:00,723.8,0.33337,152755.0,0.7774194056588623
1268,1994-04-24 07:15:48+00:00,721.4,0.31581,150360.0,0.7921902728709629
1269,1994-04-24 07:19:50+00:00,719.9,0.31416,152047.0,0.7460707242083169
1270,1994-04-24 07:23:51+00:00,720.9,0.33324,153763.0,0.7680257465815494
1271,1994-04-24 07:27:52+00:00,722.0,0.32826,155466.0,0.7442833865313228
1272,1994-04-24 07:31:54+00:00,729.8,0.29565,156501.0,0.676499809104402
1273,1994-04-24 07:35:55+00:00,719.3,0.32594,154386.0,0.6528076729681336
1274,1994-04-24 07:39:57+00:00,729.7,0.32298,155519.0,0.7710807206204023
1275,1994-04-24 07:43:58+00:00,720.6,0.31383,159441.0,0.7913861885366463
1276,1994-04-24 07:48:00+00:00,727.4,0.2921,157841.0,0.9382783167922638
1277,1994-04-24 07:52:01+00:00,725.8,0.33255,158458.0,0.8973672080414014
1278,1994-04-24 07:56:03+00:00,725.3,0.3154,159285.0,0.9160946620447872
1279,1994-04-24 08:00:04+00:00,724.9,0.31738,160249.0,0.9032036407099231
1280,1994-04-24 08:04:06+00:00,719.1,0.30488,156398.0,0.8789929317239283
1281,1994-04-24 08:08:07+00:00,731.0,0.35172,165435.0,0.8658463106811868
1282,1994-04-24 08:12:09+00:00,725.0,0.33483,166532.0,0.8000893827334822
1283,1994-04-24 08:16:10+00:00,720.9,0.3266,135339.0,0.8175943762697339
1284,1994-04-24 08:20:12+00:00,733.4,0.3521,132017.0,0.7246426930715111
1285,1994-04-24 08:24:13+00:00,735.5,0.31336,140905.0,0.6840165384006162
1286,1994-04-24 08:28:14+00:00,734.1,0.34193,141558.0,0.6674916855359775
1287,1994-04-24 08:32:16+00:00,738.3,0.31875,152755.0,0.5116306378786694
1288,1994-04-24 08:36:17+00:00,732.5,0.34105,146269.0,0.7508018758714387
1289,1994-04-24 08:40:19+00:00,737.1,0.34763,147950.0,0.682363714637324
1290,1994-04-24 08:44:20+00:00,736.4,0.31133,164484.0,0.5983521944930991
1291,1994-04-24 08:48:22+00:00,728.9,0.29627,147836.0,0.7658621770422886
1292,1994-04-24 08:52:23+00:00,726.4,0.27538,136920.0,0.8408110378610794
1293,1994-04-24 08:56:25+00:00,729.0,0.32072,123464.0,0.8551060221177408
1294,1994-04-24 09:00:26+00:00,727.9,0.29869,127503.0,0.821389723503255
1295,1994-04-24 09:04:28+00:00,713.8,0.21869,144510.0,0.6312608635744907
1296,1994-04-24 09:08:29+00:00,719.3,0.28312,156500.0,0.6600888989941563
1297,1994-04-24 09:12:31+00:00,729.6,0.29307,163165.0,0.797465610786956
1298,1994-04-24 09:16:32+00:00,717.9,0.32702,131782.0,0.6168897836654887
1299,1994-04-24 09:20:34+00:00,728.4,0.32293,134033.0,0.584651721427866
1300,1994-04-24 09:24:35+00:00,716.5,0.27005,138095.0,0.44784375293747347
1301,1994-04-24 09:28:36+00:00,727.0,0.30792,162112.0,0.7195718800228634
1302,1994-04-24 09:32:39+00:00,728.0,0.30933,159356.0,0.8141852082947714
1303,1994-04-24 09:36:40+00:00,733.2,0.28759,168471.0,0.7422165039239267
1304,1994-04-24 09:40:42+00:00,737.8,0.2947,167658.0,0.7282963189147531
1305,1994-04-24 09:44:43+00:00,724.7,0.31261,155166.0,0.5007730497026983
1306,1994-04-24 09:48:45+00:00,727.4,0.333,120387.0,0.8439468470512024
1307,1994-04-24 09:52:46+00:00,726.8,0.32766,122962.0,0.774550309347554
1308,1994-04-24 09:56:48+00:00,737.3,0.32561,129028.0,0.8318376461354099
1309,1994-04-24 10:14:18+00:00,732.3,0.33757,162118.0,0.7440727563872473
1310,1994-04-24 10:22:20+00:00,734.9,0.30351,138848.0,0.903082372015676
1311,1994-04-24 10:30:24+00:00,732.5,0.34621,128449.0,0.8389461159609586
1312,1994-04-24 10:38:26+00:00,737.3,0.35973,132582.0,0.820912168185657
1313,1994-04-24 10:46:30+00:00,735.4,0.36357,144935.0,0.7673564916248449
1314,1994-04-24 10:54:08+00:00,734.6,0.37147,130244.0,0.7898722240759394
1315,1994-04-24 11:02:12+00:00,731.2,0.3356,144502.0,0.776326946269207
1316,1994-04-24 11:10:14+00:00,723.4,0.32372,145566.0,0.7673940380989328
1317,1994-04-24 11:18:16+00:00,733.4,0.33178,125737.0,0.9362602183594002
1318,1994-04-24 11:26:20+00:00,736.2,0.32399,121797.0,0.9110511356637178
1319,1994-04-24 11:33:58+00:00,726.0,0.3588,139610.0,0.6959648903897537
1320,1994-04-24 11:42:02+00:00,728.6,0.32655,139314.0,0.8054360091587554
1321,1994-04-24 11:50:04+00:00,722.0,0.32788,122440.0,0.867220769283149
1322,1994-04-24 11:58:08+00:00,732.9,0.30255,119053.0,0.9868443254836919
1323,1994-04-24 12:06:10+00:00,741.0,0.31307,123601.0,1.0143172732753376
1324,1994-04-24 12:13:50+00:00,728.4,0.32935,120262.0,0.9620201618010686
1325,1994-04-24 12:21:52+00:00,726.8,0.31937,124679.0,0.925492396101365
1326,1994-04-24 12:29:54+00:00,726.4,0.37295,131805.0,0.9628393576127211
1327,1994-04-24 12:37:58+00:00,726.6,0.36797,128208.0,0.9400576917399026
1328,1994-04-24 12:46:00+00:00,739.7,0.38868,127151.0,0.99117873216518
1329,1994-04-24 12:53:40+00:00,715.5,0.36729,120428.0,0.7331373342823009
1330,1994-04-24 13:01:42+00:00,716.8,0.40572,123013.0,0.7934074231082503
1331,1994-04-24 13:09:46+00:00,716.3,0.37574,124329.0,0.8213429989713649
1332,1994-04-24 13:17:48+00:00,719.7,0.361,127173.0,0.8411795532129521
1333,1994-04-24 13:25:52+00:00,739.1,0.42499,132892.0,1.000676641602833
1334,1994-04-24 13:33:30+00:00,714.6,0.38538,125472.0,0.6591941948548274
1335,1994-04-24 13:41:34+00:00,717.0,0.39864,126666.0,0.7511502973009235
1336,1994-04-24 13:49:36+00:00,722.7,0.38761,142366.0,0.9034166255999716
1337,1994-04-24 13:57:38+00:00,722.7,0.39827,127743.0,0.9423869009665807
1338,1994-04-24 14:05:42+00:00,732.5,0.33031,132485.0,1.0341578915827974
1339,1994-04-24 14:13:20+00:00,716.6,0.34591,140203.0,0.7772333799801797
1340,1994-04-24 14:21:24+00:00,726.0,0.40303,130705.0,0.8308809586982041
1341,1994-04-24 14:29:26+00:00,720.2,0.39002,141059.0,0.7457098861045727
1342,1994-04-24 14:37:30+00:00,726.0,0.33664,118220.0,1.0693180558262523
1343,1994-04-24 14:45:32+00:00,725.4,0.3348,123904.0,0.9144844613572306
1344,1994-04-24 14:53:12+00:00,723.9,0.35359,124290.0,0.9208477111280365
1345,1994-04-24 15:01:14+00:00,723.8,0.33333,131907.0,0.9608341172196654
1346,1994-04-24 15:09:18+00:00,729.5,0.36171,124932.0,0.8891274241804427
1347,1994-04-24 15:17:20+00:00,728.4,0.32598,138042.0,0.9501735947716085
1348,1994-04-24 15:25:22+00:00,724.1,0.33995,131533.0,0.5774974180662379
1349,1994-04-24 15:33:02+00:00,724.8,0.43996,168412.0,0.4127827290343644
1350,1994-04-24 15:41:04+00:00,727.8,0.36689,134584.0,0.9439968355917393
1351,1994-04-24 15:49:08+00:00,724.2,0.3524,149632.0,0.7368337719744511
1352,1994-04-24 15:57:10+00:00,717.0,0.35281,138369.0,0.7822052327231539
1353,1994-04-24 16:05:14+00:00,719.2,0.37981,124045.0,0.5206400320222447
1354,1994-04-24 16:12:52+00:00,717.8,0.3294,123688.0,0.8849462022929215
1355,1994-04-24 16:20:56+00:00,722.5,0.36313,122393.0,0.8582024438712483
1356,1994-04-24 16:28:58+00:00,725.0,0.37079,132315.0,0.9632520262506807
1357,1994-04-24 16:37:02+00:00,721.3,0.3495,139258.0,0.9556898956592208
1358,1994-04-24 16:45:04+00:00,727.9,0.38202,141375.0,1.0219706192778515
1359,1994-04-24 16:52:42+00:00,715.0,0.39993,113198.0,0.9243973305397083
1360,1994-04-24 17:00:46+00:00,718.7,0.35977,143235.0,0.8213462514849852
1361,1994-04-24 17:08:48+00:00,722.6,0.34958,149748.0,0.9444884716290105
1362,1994-04-24 17:16:52+00:00,728.5,0.33803,150229.0,0.9834229594786024
1363,1994-04-24 17:24:54+00:00,721.0,0.35704,132795.0,0.6278856701198476
1364,1994-04-24 17:32:34+00:00,710.8,0.37393,136161.0,0.44514965304072535
1365,1994-04-24 17:40:36+00:00,706.7,0.36792,125971.0,0.32965642420284186
1366,1994-04-24 17:48:40+00:00,719.0,0.34798,124716.0,0.7791466163284111
1367,1994-04-24 17:56:42+00:00,724.0,0.36026,133594.0,0.701104435701305
1368,1994-04-24 18:04:44+00:00,752.5,0.31644,167797.0,0.5438913972790979
1369,1994-04-24 18:12:24+00:00,744.3,0.35818,175324.0,0.5517314710895929
1370,1994-04-24 18:20:26+00:00,731.8,0.34777,171412.0,0.2185958005073303
1371,1994-04-24 18:28:30+00:00,735.7,0.33557,163481.0,0.43509194439096416
1372,1994-04-24 18:36:32+00:00,736.8,0.32596,175694.0,0.4440480767487812
1373,1994-04-24 18:44:36+00:00,745.8,0.33611,188022.0,0.5653222966301269
1374,1994-04-24 18:52:14+00:00,743.7,0.37347,185485.0,0.4772604670815297
1375,1994-04-24 19:00:18+00:00,740.8,0.35771,183466.0,0.5675268813259554
1376,1994-04-24 19:08:20+00:00,734.6,0.35188,173625.0,0.5729091337483815
1377,1994-04-24 19:16:24+00:00,736.5,0.34878,171813.0,0.49617991192861227
1378,1994-04-24 19:24:26+00:00,741.2,0.3319,175455.0,0.5930040983153213
1379,1994-04-24 19:32:04+00:00,732.3,0.33765,165237.0,0.44060849294453064
1380,1994-04-24 19:40:08+00:00,734.9,0.3374,166579.0,0.37334135540784297
1381,1994-04-24 19:48:10+00:00,734.5,0.34235,160104.0,0.2691412387885751
1382,1994-04-24 19:56:14+00:00,736.2,0.35792,159422.0,0.5124839557161637
1383,1994-04-24 20:04:16+00:00,742.2,0.324,173032.0,0.8302603021825079
1384,1994-04-24 20:11:56+00:00,732.7,0.34392,163428.0,0.668793611411818
1385,1994-04-24 20:19:58+00:00,733.2,0.32958,164703.0,0.6789345048781977
1386,1994-04-24 20:28:02+00:00,729.2,0.35217,147470.0,0.40781737925153105
1387,1994-04-24 20:36:04+00:00,727.5,0.35144,158101.0,0.24810414524882513
1388,1994-04-24 20:44:08+00:00,738.2,0.32337,161982.0,0.25933494708021565
1389,1994-04-24 20:51:46+00:00,728.6,0.3584,165159.0,0.600428567458932
1390,1994-04-24 20:59:48+00:00,732.6,0.32879,171217.0,0.688915931384595
1391,1994-04-24 21:07:52+00:00,729.7,0.33865,166100.0,0.5257566655178658
1392,1994-04-24 21:15:54+00:00,727.9,0.34554,157615.0,0.46642471452920675
1393,1994-04-24 21:23:58+00:00,735.2,0.35229,152852.0,0.2795875474780377
1394,1994-04-24 21:31:36+00:00,730.3,0.33198,152986.0,0.6393453943948436
1395,1994-04-24 21:39:40+00:00,729.2,0.31395,153602.0,0.46182343093242867
1396,1994-04-24 21:47:42+00:00,745.9,0.29904,168716.0,0.7825271103174306
1397,1994-04-24 21:55:46+00:00,746.2,0.33918,160248.0,0.7627942939232493
1398,1994-04-24 22:03:48+00:00,748.1,0.3564,185268.0,0.6945656126580184
1399,1994-04-24 22:11:26+00:00,737.6,0.37471,167755.0,0.8121665884221902
1400,1994-04-24 22:19:30+00:00,747.8,0.34997,165115.0,0.7114899946217659
1401,1994-04-24 22:27:32+00:00,742.4,0.35576,159924.0,0.8295603697605098
1402,1994-04-24 22:35:36+00:00,742.5,0.3693,182866.0,0.6616944306690498
1403,1994-04-24 22:43:38+00:00,746.3,0.32461,163543.0,0.7917451816270169
1404,1994-04-24 22:51:18+00:00,742.8,0.32726,152164.0,0.7410621802312292
1405,1994-04-24 22:59:20+00:00,753.9,0.32923,168251.0,0.22234688718299273
1406,1994-04-24 23:07:24+00:00,744.9,0.31639,154846.0,0.7060798879639603
1407,1994-04-24 23:15:26+00:00,752.4,0.28956,152124.0,0.6855722538260146
1408,1994-04-24 23:23:30+00:00,752.6,0.29587,161809.0,0.7112833669247262
1409,1994-04-24 23:31:08+00:00,746.0,0.28437,159480.0,0.7083606408715728
1410,1994-04-24 23:39:10+00:00,732.4,0.32326,174860.0,0.3424384675511728
1411,1994-04-24 23:47:14+00:00,746.7,0.29528,169859.0,0.7523788165311893
